1kp_index_id,Species,Description,Order
BOGT,Mallomonas_sp.,Outgroup,Chrysophyta
DBYD,Synura_petersenii,Outgroup,Chrysophyta
VKVG,Synura_sp.,Outgroup,Chrysophyta
BAJW,Isochrysis_sp.,Outgroup,Haptophyceae
EBWI,Rebecca_salina,Outgroup,Haptophyceae
LLEN,Pavlova_lutheri,Outgroup,Haptophyceae
LXRN,Prymnesium_parvum,Outgroup,Haptophyceae
NMAK,Pavlova_lutheri,Outgroup,Haptophyceae
RFAD,Pavlova_lutheri,Outgroup,Haptophyceae
VJED,Pavlova_lutheri,Outgroup,Haptophyceae
APTP,Ishige_okamurae,Outgroup,Outgroup
ASZK,Punctaria_latifolia,Outgroup,Outgroup
BAKF,Cryptomonas_curvata,Outgroup,Outgroup
FIDQ,Undaria_pinnatifida,Outgroup,Outgroup
FIKG,Sargassum_henslowianum,Outgroup,Outgroup
FOMH,Sargassum_integerrimum,Outgroup,Outgroup
FSQE,Desmarestia_viridis,Outgroup,Outgroup
HFIK,Sargassum_vachellianum,Outgroup,Outgroup
IAYV,Rhodomonas_sp.,Outgroup,Outgroup
IRZA,Proteomonas_sulcata,Outgroup,Outgroup
JCXF,Scytosiphon_lomentaria,Outgroup,Outgroup
JGGD,Sargassum_muticum,Outgroup,Outgroup
LDRY,Sargassum_fusiforme,Outgroup,Outgroup
LIRF,Dictyopteris_undulata,Outgroup,Outgroup
QLMZ,Colpomenia_sinuosa,Outgroup,Outgroup
RAPY,Saccharina_sculpera,Outgroup,Outgroup
ROZZ,Chroomonas_sp.,Outgroup,Outgroup
RWXW,Sargassum_horneri,Outgroup,Outgroup
SRSQ,Saccharina_japonica,Outgroup,Outgroup
ULXR,Scytosiphon_dotyi,Outgroup,Outgroup
VRGZ,Petalonia_fascia,Outgroup,Outgroup
VYER,Sargassum_hemiphyllum,Outgroup,Outgroup
YRMA,Sargassum_thunbergii,Outgroup,Outgroup
ANON,Leiosporoceros_dussii,Hornworts,Anthocerotales
BSNI,Anthoceros_agrestis,Hornworts,Anthocerotales
DXOU,Nothoceros_aenigmaticus,Hornworts,Anthocerotales
FAJB,Paraphymatoceros_hallii,Hornworts,Anthocerotales
TCBC,Nothoceros_vincentianus,Hornworts,Anthocerotales
TWUW,Anthoceros_agrestis,Hornworts,Anthocerotales
WCZB,Phaeoceros_carolinianus,Hornworts,Anthocerotales
WEEQ,Phaeoceros_carolinianus,Hornworts,Anthocerotales
AKXB,Phaeomegaceros_coriaceus,Hornworts,Dendrocerotales
UCRN,Megaceros_flagellaris,Hornworts,Dendrocerotales
Phypa_v3.0,Physcomitrella_patens,Bryophytes,Funariales
WOGB,Andreaea_rupestris,Bryophytes,Andreaeales
ORKS,Philonotis_fontana,Bryophytes,Bartramiales
BGXB,Plagiomnium_insigne,Bryophytes,Bryales
JMXW,Bryum_argenteum,Bryophytes,Bryales
XWHK,Rosulabryum_cf._capillare,Bryophytes,Bryales
AWOI,Diphyscium_foliosum,Bryophytes,Diphysciales
HRWG,Buxbaumia_aphylla,Bryophytes,Buxbaumiales
FFPD,Ceratodon_purpureus,Bryophytes,Dicranales
NGTD,Dicranum_scoparium,Bryophytes,Dicranales
RGKI,Leucobryum_glaucum,Bryophytes,Dicranales
VMXJ,Leucobryum_albidum,Bryophytes,Dicranales
KEFD,Encalypta_streptocarpa,Bryophytes,Encalyptales
YEPO,Physcomitrium_sp.,Bryophytes,Funariales
ABCD,Racomitrium_elongatum,Bryophytes,Grimmiales
BPSG,Scouleria_aquatica,Bryophytes,Grimmiales
RDOO,Racomitrium_varium,Bryophytes,Grimmiales
YWNF,Hedwigia_ciliata,Bryophytes,Hedwigiales
DHWX,Fontinalis_antipyretica,Bryophytes,Hypnales
EEMJ,Thuidium_delicatulum,Bryophytes,Hypnales
IGUH,Leucodon_julaceus,Bryophytes,Hypnales
JADL,Rhynchostegium_serrulatum,Bryophytes,Hypnales
LNSF,Stereodon_subimponens,Bryophytes,Hypnales
MIRS,Climacium_dendroides,Bryophytes,Hypnales
QKQO,Pseudotaxiphyllum_elegans,Bryophytes,Hypnales
QMWB,Anomodon_attenuatus,Bryophytes,Hypnales
TAVP,Calliergon_cordifolium,Bryophytes,Hypnales
TMAJ,Neckera_douglasii,Bryophytes,Hypnales
VBMM,Claopodium_rostratum,Bryophytes,Hypnales
WSPM,Loeskeobryum_brevirostre,Bryophytes,Hypnales
ZACW,Leucodon_brachypus,Bryophytes,Hypnales
SZYG,Polytrichum_commune,Bryophytes,Polytrichales
ZTHV,Atrichum_angustatum,Bryophytes,Polytrichales
GRKU,Syntrichia_princeps,Bryophytes,Pottiales
CMEQ,Orthotrichum_lyellii,Bryophytes,Orthotrichales
WNGH,Aulacomnium_heterostichum,Bryophytes,Rhizogoniales
GOWD,Sphagnum_lescurii,Bryophytes,Sphagnales
RCBT,Sphagnum_palustre,Bryophytes,Sphagnales
UHLI,Sphagnum_recurvum,Bryophytes,Sphagnales
SKQD,Takakia_lepidozioides,Bryophytes,Takakiales
HVBQ,Tetraphis_pellucida,Bryophytes,Tetraphidales
ZQRI,Timmia_austriaca,Bryophytes,Timmiales
IRBN,Scapania_nemorosa,Liverworts,Jungermanniales
LGOW,Schistochila_sp.,Liverworts,Jungermanniales
OFTV,Barbilophozia_barbata,Liverworts,Jungermanniales
RTMU,Calypogeia_fissa,Liverworts,Jungermanniales
WZYK,Bazzania_trilobata,Liverworts,Jungermanniales
YBQN,Odontoschisma_prostratum,Liverworts,Jungermanniales
TXVB,Lunularia_cruciata,Liverworts,Lunulariales
HMHL,Marchantia_paleacea,Liverworts,Marchantiales
ILBQ,Conocephalum_conicum,Liverworts,Marchantiales
JPYU,Marchantia_polymorpha,Liverworts,Marchantiales
TFYI,Marchantia_emarginata,Liverworts,Marchantiales
WJLO,Ricciocarpos_natans,Liverworts,Marchantiales
NRWZ,Metzgeria_crassipilis,Liverworts,Metzgeriales
YFGP,Pallavicinia_lyellii,Liverworts,Pallaviciniales
JHFI,Pellia_neesiana,Liverworts,Pelliales
PIUF,Pellia_cf._epiphylla,Liverworts,Pelliales
BNCU,Radula_lindenbergiana,Liverworts,Porellales
KRUQ,Porella_navicularis,Liverworts,Porellales
TGKW,Frullania_sp.,Liverworts,Porellales
UUHD,Porella_pinnata,Liverworts,Porellales
HPXA,Ptilidium_pulcherrimum,Liverworts,Ptilidiales
HERT,Sphaerocarpos_texanus,Liverworts,Sphaerocarpos_texanus
PKOX,Isoetes_tegetiformans,Lycophytes,Isoetales
PYHZ,Isoetes_sp.,Lycophytes,Isoetales
CBAE,Huperzia_myrsinites,Lycophytes,Lycopodiales
ENQF,Lycopodium_annotinum,Lycophytes,Lycopodiales
GAON,Huperzia_squarrosa,Lycophytes,Lycopodiales
GKAG,Huperzia_lucidula,Lycophytes,Lycopodiales
PQTO,Lycopodium_deuterodensum,Lycophytes,Lycopodiales
ULKT,Lycopodiella_appressa,Lycophytes,Lycopodiales
UPMJ,Pseudolycopodiella_caroliniana,Lycophytes,Lycopodiales
WAFT,Diphasiastrum_digitatum,Lycophytes,Lycopodiales
XNXF,Dendrolycopodium_obscurum,Lycophytes,Lycopodiales
YHZW,Huperzia_selago,Lycophytes,Lycopodiales
ZZEI,Phylloglossum_drummondii,Lycophytes,Lycopodiales
ABIJ,Selaginella_cf._pallescens,Lycophytes,Selaginellales
JKAA,Selaginella_wallacei,Lycophytes,Selaginellales
KJYC,Selaginella_willdenowii,Lycophytes,Selaginellales
KUXM,Selaginella_selaginoides,Lycophytes,Selaginellales
LGDQ,Selaginella_apoda,Lycophytes,Selaginellales
ZFGK,Selaginella_kraussiana,Lycophytes,Selaginellales
ZYCD,Selaginella_acanthonota,Lycophytes,Selaginellales
ZZOL,Selaginella_moellendorffii,Lycophytes,Selaginellales
Selmo_v1.0,Selaginella_moellendorffii,Lycophytes,Selaginellales
CAPN,Equisetum_diffusum,Equisetales,Equisetales
JVSZ,Equisetum_hyemale,Equisetales,Equisetales
DFHO,Danaea_nodosa,Marattiales,Marattiales
NHCM,Angiopteris_evecta,Marattiales,Marattiales
UGNK,Marattia_attenuata,Marattiales,Marattiales
BEGM,Botrypus_virginianus,Ophioglossales,Ophioglossales
DJSE,Ophioglossum_petiolatum,Ophioglossales,Ophioglossales
EEAQ,Sceptridium_dissectum,Ophioglossales,Ophioglossales
ALVQ,Tmesipteris_parva,Psilotales,Psilotales
QVMR,Psilotum_nudum,Psilotales,Psilotales
EWXK,Thyrsopteris_elegans,LeptosporangiateFerns,Cyatheales
GANB,Alsophila_pinulosa,LeptosporangiateFerns,Cyatheales
PNZO,Culcita_macrocarpa,LeptosporangiateFerns,Cyatheales
UWOD,Plagiogyria_japonica,LeptosporangiateFerns,Cyatheales
MEKP,Dipteris_conjugata,LeptosporangiateFerns,Gleicheniales
QIAD,Hymenophyllum_bivalve,LeptosporangiateFerns,Hymenophyllales
RFMZ,Osmundastrum_cinnamomeum,LeptosporangiateFerns,Osmundales
UOMY,Osmunda_sp.,LeptosporangiateFerns,Osmundales
VIBO,Osmunda_javanica,LeptosporangiateFerns,Osmundales
AFPO,Athyrium_sp.,LeptosporangiateFerns,Polypodiales
BMIF,Asplenium_cf._x_lucrosum,LeptosporangiateFerns,Polypodiales
BMJR,Adiantum_raddianum,LeptosporangiateFerns,Polypodiales
CJNT,Polypodium_glycyrrhiza,LeptosporangiateFerns,Polypodiales
DCDT,Gaga_arizonica,LeptosporangiateFerns,Polypodiales
FCHS,Deparia_lobato-crenata,LeptosporangiateFerns,Polypodiales
FLTD,Pteris_ensiformis,LeptosporangiateFerns,Polypodiales
FQGQ,Polystichum_acrostichoides,LeptosporangiateFerns,Polypodiales
GSXD,Myriopteris_rufa,LeptosporangiateFerns,Polypodiales
GYFU,Polypodium_hesperium,LeptosporangiateFerns,Polypodiales
HEGQ,Gymnocarpium_dryopteris,LeptosporangiateFerns,Polypodiales
HNDZ,Cystopteris_utahensis,LeptosporangiateFerns,Polypodiales
HTFH,Onoclea_sensibilis,LeptosporangiateFerns,Polypodiales
IXLH,Polypodium_hesperium,LeptosporangiateFerns,Polypodiales
JBLI,Bolbitis_repanda,LeptosporangiateFerns,Polypodiales
KJZG,Asplenium_platyneuron,LeptosporangiateFerns,Polypodiales
LHLE,Cystopteris_fragilis,LeptosporangiateFerns,Polypodiales
MROH,Thelypteris_acuminata,LeptosporangiateFerns,Polypodiales
MTGC,Dennstaedtia_davallioides,LeptosporangiateFerns,Polypodiales
NDUV,Vittaria_appalachiana,LeptosporangiateFerns,Polypodiales
NOKI,Lindsaea_linearis,LeptosporangiateFerns,Polypodiales
NWWI,Nephrolepis_exaltata,LeptosporangiateFerns,Polypodiales
OCZL,Homalosorus_pycnocarpos,LeptosporangiateFerns,Polypodiales
OQWW,Davallia_fejeensis,LeptosporangiateFerns,Polypodiales
ORJE,Phymatosorus_grossus,LeptosporangiateFerns,Polypodiales
PIVW,Ceratopteris_thalictroides,LeptosporangiateFerns,Polypodiales
POPJ,Pteris_vittata,LeptosporangiateFerns,Polypodiales
PSKY,Asplenium_nidus,LeptosporangiateFerns,Polypodiales
RFRB,Didymochlaena_truncatula,LeptosporangiateFerns,Polypodiales
RICC,Cystopteris_reevesiana,LeptosporangiateFerns,Polypodiales
SKYV,Vittaria_lineata,LeptosporangiateFerns,Polypodiales
UFJN,Diplazium_wichurae,LeptosporangiateFerns,Polypodiales
UJTT,Pityrogramma_trifoliata,LeptosporangiateFerns,Polypodiales
UJWU,Pleopeltis_polypodioides,LeptosporangiateFerns,Polypodiales
URCP,Athyrium_filix-femina,LeptosporangiateFerns,Polypodiales
VITX,Athyrium_spicant,LeptosporangiateFerns,Polypodiales
VVRN,Lonchitis_hirsuta,LeptosporangiateFerns,Polypodiales
WCLG,Adiantum_aleuticum,LeptosporangiateFerns,Polypodiales
WGTU,Leucostegia_immersa,LeptosporangiateFerns,Polypodiales
WQML,Cryptogramma_acrostichoides,LeptosporangiateFerns,Polypodiales
XDDT,Argyrochosma_nivea,LeptosporangiateFerns,Polypodiales
XXHP,Cystopteris_fragilis,LeptosporangiateFerns,Polypodiales
YCKE,Notholaena_montieliae,LeptosporangiateFerns,Polypodiales
YIXP,Lindsaea_microphylla,LeptosporangiateFerns,Polypodiales
YJJY,Woodsia_scopulina,LeptosporangiateFerns,Polypodiales
YLJA,Polypodium_amorphum,LeptosporangiateFerns,Polypodiales
YOWV,Cystopteris_protrusa,LeptosporangiateFerns,Polypodiales
YQEC,Woodsia_ilvensis,LeptosporangiateFerns,Polypodiales
ZQYU,Phlebodium_pseudoaureum,LeptosporangiateFerns,Polypodiales
ZXJO,Parahemionitis_cordata,LeptosporangiateFerns,Polypodiales
CVEG,Azolla_cf._caroliniana,LeptosporangiateFerns,Salviniales
KIIX,Pilularia_globulifera,LeptosporangiateFerns,Salviniales
CQPW,Anemia_tomentosa,LeptosporangiateFerns,Schizaeales
PBUU,Lygodium_japonicum,LeptosporangiateFerns,Schizaeales
GNQG,Encephalartos_barteri,Acrogymnospermae,Cycadales
KAWQ,Stangeria_eriopus,Acrogymnospermae,Cycadales
WLIC,Dioon_edule,Acrogymnospermae,Cycadales
XZUY,Cycas_micholitzii,Acrogymnospermae,Cycadales
SGTW,Ginkgo_biloba,Acrogymnospermae,Ginkgoales
GTHK,Gnetum_montanum,Acrogymnospermae,Gnetales
TOXE,Welwitschia_mirabilis,Acrogymnospermae,Gnetales
VDAO,Ephedra_sinica,Acrogymnospermae,Gnetales
ACWS,Araucaria_sp.,Acrogymnospermae,Pinales
AIGO,Chamaecyparis_lawsoniana,Acrogymnospermae,Pinales
AQFM,Pseudolarix_amabilis,Acrogymnospermae,Pinales
AREG,Nothotsuga_longibracteata,Acrogymnospermae,Pinales
AUDE,Widdringtonia_cedarbergensis,Acrogymnospermae,Pinales
AWQB,Picea_engelmannii,Acrogymnospermae,Pinales
BBDD,Microstrobos_fitzgeraldii,Acrogymnospermae,Pinales
BTTS,Austrotaxus_spicata,Acrogymnospermae,Pinales
BUWV,Platycladus_orientalis,Acrogymnospermae,Pinales
CDFR,Manoao_colensoi,Acrogymnospermae,Pinales
CGDN,Tetraclinis_sp.,Acrogymnospermae,Pinales
DZQM,Pinus_radiata,Acrogymnospermae,Pinales
EFMS,Torreya_taxifolia,Acrogymnospermae,Pinales
EGLZ,Prumnopitys_andina,Acrogymnospermae,Pinales
ETCJ,Pilgerodendron_uviferum,Acrogymnospermae,Pinales
FHST,Taxodium_distichum,Acrogymnospermae,Pinales
FMWZ,Dacrycarpus_compactus,Acrogymnospermae,Pinales
FRPM,Calocedrus_decurrens,Acrogymnospermae,Pinales
GAMH,Tsuga_heterophylla,Acrogymnospermae,Pinales
GGEA,Cedrus_libani,Acrogymnospermae,Pinales
GKCZ,Diselma_archeri,Acrogymnospermae,Pinales
GMHZ,Cryptomeria_japonica,Acrogymnospermae,Pinales
HBGV,Sequoia_sempervirens,Acrogymnospermae,Pinales
HILW,Acmopyle_pancheri,Acrogymnospermae,Pinales
HQOM,Torreya_nucifera,Acrogymnospermae,Pinales
IAJW,Amentotaxus_argotaenia,Acrogymnospermae,Pinales
IFLI,Callitris_gracilis,Acrogymnospermae,Pinales
IIOL,Pinus_parviflora,Acrogymnospermae,Pinales
IOVS,Pseudotsuga_wilsoniana,Acrogymnospermae,Pinales
IZGN,Dacrydium_balansae,Acrogymnospermae,Pinales
JBND,Pinus_ponderosa,Acrogymnospermae,Pinales
JDQB,Neocallitropsis_pancheri,Acrogymnospermae,Pinales
JRNA,Phyllocladus_hypophyllus,Acrogymnospermae,Pinales
JUWL,Keteleeria_evelyniana,Acrogymnospermae,Pinales
JZVE,Parasitaxus_usta,Acrogymnospermae,Pinales
KLGF,Sundacarpus_amarus,Acrogymnospermae,Pinales
MFTM,Pinus_jeffreyi,Acrogymnospermae,Pinales
MHGD,Microcachrys_tetragona,Acrogymnospermae,Pinales
MIXZ,Agathis_robusta,Acrogymnospermae,Pinales
NKIN,Thujopsis_dolabrata,Acrogymnospermae,Pinales
NPRL,Cathaya_argyrophylla,Acrogymnospermae,Pinales
NRXL,Metasequoia_glyptostroboides,Acrogymnospermae,Pinales
NVGZ,Cephalotaxus_harringtonia,Acrogymnospermae,Pinales
OVIJ,Papuacedrus_papuana,Acrogymnospermae,Pinales
OWFC,Halocarpus_bidwillii,Acrogymnospermae,Pinales
OXGJ,Glyptostrobus_pensilis,Acrogymnospermae,Pinales
QCGM,Saxegothaea_conspicua,Acrogymnospermae,Pinales
QFAE,Sequoiadendron_giganteum,Acrogymnospermae,Pinales
QHBI,Falcatifolium_taxoides,Acrogymnospermae,Pinales
QNGJ,Cupressus_dupreziana,Acrogymnospermae,Pinales
QSNJ,Taiwania_cryptomerioides,Acrogymnospermae,Pinales
RMMV,Callitris_macleayana,Acrogymnospermae,Pinales
ROWR,Falcatifolium_taxoides,Acrogymnospermae,Pinales
RSCE,Wollemia_nobilis,Acrogymnospermae,Pinales
SCEB,Podocarpus_coriaceus,Acrogymnospermae,Pinales
UEVI,Fokienia_hodginsii,Acrogymnospermae,Pinales
UUJS,Nageia_nagi,Acrogymnospermae,Pinales
VFYZ,Thuja_plicata,Acrogymnospermae,Pinales
VGSX,Retrophyllum_minus,Acrogymnospermae,Pinales
VSRH,Abies_lasiocarpa,Acrogymnospermae,Pinales
WVWN,Larix_speciosa,Acrogymnospermae,Pinales
WWSS,Taxus_baccata,Acrogymnospermae,Pinales
XIRK,Athrotaxis_cupressoides,Acrogymnospermae,Pinales
XLGK,Podocarpus_rubens,Acrogymnospermae,Pinales
XMGP,Juniperus_scopulorum,Acrogymnospermae,Pinales
XQSG,Microbiota_decussata,Acrogymnospermae,Pinales
XTZO,Araucaria_rulei,Acrogymnospermae,Pinales
YFZK,Sciadopitys_verticillata,Acrogymnospermae,Pinales
YLPM,Pseudotaxus_chienii,Acrogymnospermae,Pinales
YYPE,Austrocedrus_chilensis,Acrogymnospermae,Pinales
ZQVF,Cunninghamia_lanceolata,Acrogymnospermae,Pinales
ZQWM,Lagarostrobos_franklinii,Acrogymnospermae,Pinales
ZYAX,Taxus_cuspidata,Acrogymnospermae,Pinales
Pinta_v2.0,Pinus_taeda,Acrogymnospermae,Pinales
Ambtr_v1.0.27,Amborella_trichopoda,Basal_angiosperms,Amborellales
URDJ,Amborella_trichopoda,Basal_angiosperms,Amborellales
FZJL,Austrobaileya_scandens,Basal_angiosperms,Austrobaileyales
NWMY,Kadsura_heteroclita,Basal_angiosperms,Austrobaileyales
VZCI,Illicium_floridanum,Basal_angiosperms,Austrobaileyales
PZRT,Nymphaea_sp.,Basal_angiosperms,Nymphaeales
WTKZ,Nuphar_advena,Basal_angiosperms,Nymphaeales
NPND,Ceratophyllum_demersum,Ceratophyllales,Ceratophyllales
MTII,Acorus_americanus,Liliopsida,Acorales
Spipo_v2,Spirodela_polyrhiza,Liliopsida,Alismatales
BYQM,Posidonia_australis,Liliopsida,Alismatales
COCP,Triglochin_maritima,Liliopsida,Alismatales
DWZT,Sagittaria_latifolia,Liliopsida,Alismatales
MFIN,Pistia_stratiotes,Liliopsida,Alismatales
YMES,Typhonium_blumei,Liliopsida,Alismatales
BLAJ,Hemerocallis_spp.,Liliopsida,Asparagales
CMCY,Hesperaloe_parviflora,Liliopsida,Asparagales
CNTZ,Oncidium_sphacelatum,Liliopsida,Asparagales
DMIN,Phycella_aff._cyrtanthoides,Liliopsida,Asparagales
DPFW,Zephyranthes_treatiae,Liliopsida,Asparagales
EMJJ,Borya_sphaerocephala,Liliopsida,Asparagales
FCEL,Phormium_tenax,Liliopsida,Asparagales
FGRF,Asparagus_densiflorus,Liliopsida,Asparagales
GJPF,Allium_sativum,Liliopsida,Asparagales
HOKG,Nolina_atopocarpa,Liliopsida,Asparagales
ICNN,Yucca_filamentosa,Liliopsida,Asparagales
IXEM,Brodiaea_sierrae,Liliopsida,Asparagales
JDTY,Rhodophiala_pratensis,Liliopsida,Asparagales
JHUL,Hemerocallis_sp.,Liliopsida,Asparagales
JSAG,Masdevallia_yuangensis,Liliopsida,Asparagales
JVBR,Aloe_vera,Liliopsida,Asparagales
KBXS,Allium_commutatum,Liliopsida,Asparagales
KOFB,Urginea_maritima,Liliopsida,Asparagales
KXSK,Agave_tequilana,Liliopsida,Asparagales
KYNE,Cyanella_orchidiformis,Liliopsida,Asparagales
LDME,Amaryllis_belladonna,Liliopsida,Asparagales
LELS,Haemaria_discolor,Liliopsida,Asparagales
LSJW,Ruscus_sp.,Liliopsida,Asparagales
LTZF,Sisyrinchium_angustifolium,Liliopsida,Asparagales
MTHW,Platanthera_clavellata,Liliopsida,Asparagales
MUMD,Lomandra_longifolia,Liliopsida,Asparagales
MVRF,Sansevieria_trifasciata,Liliopsida,Asparagales
ONBE,Eriospermum_lancifolia,Liliopsida,Asparagales
PLBZ,Chlorogalum_pomeridianum,Liliopsida,Asparagales
PRFO,Agapanthus_africanus,Liliopsida,Asparagales
RCUX,Maianthemum_sp.,Liliopsida,Asparagales
RDYY,Cyanastrum_cordifolium,Liliopsida,Asparagales
RQZP,Nolina_bigelovii,Liliopsida,Asparagales
SART,Xeronema_callistemon,Liliopsida,Asparagales
SVTS,Drimia_altissima,Liliopsida,Asparagales
TCYS,Peliosanthes_minor,Liliopsida,Asparagales
THDM,Vanilla_planifolia,Liliopsida,Asparagales
TRRQ,Narcissus_viridiflorus,Liliopsida,Asparagales
UZXL,Disporopsis_pernyi,Liliopsida,Asparagales
VTUS,Goodyera_pubescens,Liliopsida,Asparagales
WTDE,Johnsonia_pubescens,Liliopsida,Asparagales
XFJG,Maianthemum_canadense,Liliopsida,Asparagales
XZME,Drakaea_elastica,Liliopsida,Asparagales
YBML,Yucca_brevifolia,Liliopsida,Asparagales
YJUG,Curculigo_sp.,Liliopsida,Asparagales
ZKPF,Traubia_modesta,Liliopsida,Asparagales
OCWZ,Dioscorea_villosa,Liliopsida,Dioscoreales
AFLV,Xerophyllum_asphodeloides,Liliopsida,Liliales
GDKK,Gloriosa_superba,Liliopsida,Liliales
MWYQ,Smilax_bona-nox,Liliopsida,Liliales
NHIX,Colchicum_autumnale,Liliopsida,Liliales
OOSO,Helonias_bullata,Liliopsida,Liliales
QNPH,Colchicum_autumnale,Liliopsida,Liliales
THEW,Lilium_sargentiae,Liliopsida,Liliales
DGXS,Freycinetia_multiflora,Liliopsida,Pandanales
QOXT,Xerophyta_villosa,Liliopsida,Pandanales
SILJ,Talbotia_elegans,Liliopsida,Pandanales
VBHQ,Stemona_tuberosa,Liliopsida,Pandanales
VVVV,Ludovia_sp.,Liliopsida,Pandanales
Elagu_v2.0,Elaeis_guineensis,Liliopsida/Commelinids,Arecales
HWUP,Sabal_bermudana,Liliopsida/Commelinids,Arecales
HXJE,Serenoa_repens,Liliopsida/Commelinids,Arecales
NSPR,Nypa_fruticans,Liliopsida/Commelinids,Arecales
BPKH,Neurachne_annularis,Liliopsida/Commelinids,Poales
BRUD,Typha_latifolia,Liliopsida/Commelinids,Poales
BSTR,Chondropetalum_tectorum,Liliopsida/Commelinids,Poales
BXAY,Neurachne_minor,Liliopsida/Commelinids,Poales
BYPY,Brocchinia_reducta,Liliopsida/Commelinids,Poales
CIEA,Juncus_inflexus,Liliopsida/Commelinids,Poales
EFCZ,Eleusine_coracana,Liliopsida/Commelinids,Poales
HATH,Aristida_stricta,Liliopsida/Commelinids,Poales
IADP,Deschampsia_cespitosa,Liliopsida/Commelinids,Poales
NNOK,Neurachne_tenuifolia,Liliopsida/Commelinids,Poales
PPQR,Typha_angustifolia,Liliopsida/Commelinids,Poales
PWSG,Cyperus_papyrus,Liliopsida/Commelinids,Poales
RCAH,Uniola_paniculata,Liliopsida/Commelinids,Poales
RMVB,Avena_fatua,Liliopsida/Commelinids,Poales
ROEI,Cymbopogon_nardus,Liliopsida/Commelinids,Poales
SOHV,Panicum_miliaceum,Liliopsida/Commelinids,Poales
VQYB,Neurachne_lanigera,Liliopsida/Commelinids,Poales
WBIB,Lepidosperma_gibsonii,Liliopsida/Commelinids,Poales
WCOR,Thyridolepis_multiculmis,Liliopsida/Commelinids,Poales
WXNT,Joinvillea_ascendens,Liliopsida/Commelinids,Poales
XBKS,Thyridolepis_mitchelliana,Liliopsida/Commelinids,Poales
XPAF,Mapania_palustris,Liliopsida/Commelinids,Poales
XUAB,Paraneurachne_muelleri,Liliopsida/Commelinids,Poales
YLWW,Uniola_paniculata,Liliopsida/Commelinids,Poales
YPIC,Microstegium_vimineum,Liliopsida/Commelinids,Poales
YXNR,Triodia_aff._bynoei,Liliopsida/Commelinids,Poales
ZENX,Neurachne_alopecuroidea,Liliopsida/Commelinids,Poales
ZMGN,Neurachne_munroi,Liliopsida/Commelinids,Poales
Orysa_v7.0,Oryza_sativa,Liliopsida/Commelinids,Poales
Sorbi_v2.1,Sorghum_bicolor,Liliopsida/Commelinids,Poales
BDJQ,Zingiber_officinale,Liliopsida/Commelinids,Zingiberales
JNUB,Maranta_leuconeura,Liliopsida/Commelinids,Zingiberales
LEMW,Curcuma_longa,Liliopsida/Commelinids,Zingiberales
LSKK,Orchidantha_maxillarioides,Liliopsida/Commelinids,Zingiberales
TZNS,Canna_sp.,Liliopsida/Commelinids,Zingiberales
UOEL,Strelitzia_reginae,Liliopsida/Commelinids,Zingiberales
XHHU,Heliconia_sp.,Liliopsida/Commelinids,Zingiberales
Musac_v1.0,Musa_acuminata,Liliopsida/Commelinids,Zingiberales
SJEV,Canella_winterana,Magnoliids,Canellales
WKSU,Drimys_winteri,Magnoliids,Canellales
ABSS,Sassafras_albidum,Magnoliids,Laurales
BCGB,Cinnamomum_camphora,Magnoliids,Laurales
BSVG,Gyrocarpus_americanus,Magnoliids,Laurales
FALI,Calycanthus_floridus,Magnoliids,Laurales
KAYP,Lindera_benzoin,Magnoliids,Laurales
KRJP,Peumus_boldus,Magnoliids,Laurales
MAQO,Gomortega_keule,Magnoliids,Laurales
VYLQ,Cassytha_filiformis,Magnoliids,Laurales
WAIL,Laurelia_sempervirens,Magnoliids,Laurales
WIGA,Persea_borbonia,Magnoliids,Laurales
WPHN,Idiospermum_australiense,Magnoliids,Laurales
DHPO,Eupomatia_bennettii,Magnoliids,Magnoliales
OBPL,Myristica_fragrans,Magnoliids,Magnoliales
PSJT,Uvaria_microcarpa,Magnoliids,Magnoliales
WBOD,Magnolia_grandiflora,Magnoliids,Magnoliales
XQWC,Michelia_maudiae,Magnoliids,Magnoliales
YZRI,Annona_muricata,Magnoliids,Magnoliales
CSSK,Houttuynia_cordata,Magnoliids,Piperales
MUNP,Piper_auritum,Magnoliids,Piperales
OPDF,Saururus_cernuus,Magnoliids,Piperales
PAWA,Aristolochia_elegans,Magnoliids,Piperales
QDVW,Saruma_henryi,Magnoliids,Piperales
XSZI,Peperomia_fraseri,Magnoliids,Piperales
OSHQ,Sarcandra_glabra,Chloranthales,Chloranthales
WZFE,Ascarina_rubricaulis,Chloranthales,Chloranthales
Aquco_v1.1,Aquilegia_coerulea,Eudicots,Ranunculales
AUGV,Capnoides_sempervirens,Eudicots,Ranunculales
BEKN,Papaver_rhoeas,Eudicots,Ranunculales
CCID,Akebia_trifoliata,Eudicots,Ranunculales
EVOD,Eschscholzia_californica,Eudicots,Ranunculales
GBVZ,Thalictrum_thalictroides,Eudicots,Ranunculales
IRAF,Argemone_mexicana,Eudicots,Ranunculales
NMGG,Hypecoum_procumbens,Eudicots,Ranunculales
QCOU,Papaver_setigerum,Eudicots,Ranunculales
QTJY,Euptelea_pleiosperma,Eudicots,Ranunculales
RQNK,Papaver_somniferum,Eudicots,Ranunculales
SSDU,Papaver_bracteatum,Eudicots,Ranunculales
UDHA,Ceratocapnos_vesicaria,Eudicots,Ranunculales
UPOG,Anemone_pulsatilla,Eudicots,Ranunculales
VGHH,Hydrastis_canadensis,Eudicots,Ranunculales
WFBF,Podophyllum_peltatum,Eudicots,Ranunculales
XHKT,Sanguinaria_canadensis,Eudicots,Ranunculales
XMVD,Chelidonium_majus,Eudicots,Ranunculales
YHFG,Nandina_domestica,Eudicots,Ranunculales
ZGQD,Corydalis_linstowiana,Eudicots,Ranunculales
ZUHO,Anemone_hupehensis,Eudicots,Ranunculales
IWMW,Buxus_sempervirens,Eudicots,Buxales
FAKD,Nelumbo_sp.,Eudicots,Proteales
GRRW,Grevillea_robusta,Eudicots,Proteales
RQUG,Hakea_prostrata,Eudicots,Proteales
SIIK,Hakea_drupacea,Eudicots,Proteales
Nelnu_v1.0,Nelumbo_nucifera,Eudicots,Proteales
VQFW,Platanus_occidentalis,Eudicots,Proteales
SWOH,Trochodendron_aralioides,Eudicots,Trochodendrales
AALA,Meliosma_cuneifolia,Eudicots,Proteales
EHNF,Dillenia_indica,Eudicots,Dilleniales
XMQO,Gunnera_manicata,Eudicots,Gunnerales
BSEY,Daenikera_sp.,Eudicots,Santalales
QKMG,Phoradendron_serotinum,Eudicots,Santalales
RSPO,Santalum_acuminatum,Eudicots,Santalales
VGVI,Dendropemon_caribaeus,Eudicots,Santalales
XGFU,Exocarpos_cupressiformis,Eudicots,Santalales
XKPS,Ximenia_americana,Eudicots,Santalales
HAEU,Berberidopsis_beckleri,Eudicots,Berberidopsidales
QUTB,Aextoxicon_punctatum,Eudicots,Berberidopsidales
Betvu_v1.1,Beta_vulgaris,Eudicots,Caryophyllales
AAXJ,Atriplex_prostrata,Eudicots,Caryophyllales
AZBL,Petiveria_alliacea,Eudicots,Caryophyllales
BERS,Zaleya_pentandra,Eudicots,Caryophyllales
BJKT,Delosperma_echinatum,Eudicots,Caryophyllales
BKQU,Phytolacca_americana,Eudicots,Caryophyllales
BWRK,Alternanthera_sessilis,Eudicots,Caryophyllales
BYNZ,Portulaca_umbraticola,Eudicots,Caryophyllales
CBJR,Atriplex_rosea,Eudicots,Caryophyllales
CPKP,Lophophora_williamsii,Eudicots,Caryophyllales
CPLT,Portulaca_grandiflora,Eudicots,Caryophyllales
CTYH,Basella_alba,Eudicots,Caryophyllales
CUTE,Blutaparon_vermiculare,Eudicots,Caryophyllales
CVDF,Simmondsia_chinensis,Eudicots,Caryophyllales
DVXD,Allionia_incarnata,Eudicots,Caryophyllales
EDIT,Sesuvium_verrucosum,Eudicots,Caryophyllales
EGOS,Allionia_incarnata,Eudicots,Caryophyllales
EYRD,Alternanthera_tenella,Eudicots,Caryophyllales
EZGR,Portulaca_oleracea,Eudicots,Caryophyllales
FVXD,Beta_maritima,Eudicots,Caryophyllales
FYSJ,Polygonum_convolvulus,Eudicots,Caryophyllales
FZQN,Silene_latifolia,Eudicots,Caryophyllales
GCYL,Portulaca_suffruticosa,Eudicots,Caryophyllales
GIWN,Sarcobatus_vermiculatus,Eudicots,Caryophyllales
GJNX,Cypselea_humifusa,Eudicots,Caryophyllales
HDSY,Aerva_persica,Eudicots,Caryophyllales
HZTS,Sesuvium_portulacastrum,Eudicots,Caryophyllales
IWIS,Portulaca_pilosa,Eudicots,Caryophyllales
JAFJ,Bougainvillea_spectabilis,Eudicots,Caryophyllales
JGAB,Mirabilis_jalapa,Eudicots,Caryophyllales
JLOV,Pereskia_aculeata,Eudicots,Caryophyllales
KDCH,Portulaca_umbraticola,Eudicots,Caryophyllales
KJAA,Mollugo_pentaphylla,Eudicots,Caryophyllales
LDEL,Portulaca_amilis,Eudicots,Caryophyllales
LKKX,Talinum_sp.,Eudicots,Caryophyllales
LLQV,Portulaca_cryptopetala,Eudicots,Caryophyllales
MRKX,Phytolacca_bogotensis,Eudicots,Caryophyllales
NXTS,Mollugo_verticillata,Eudicots,Caryophyllales
OHKC,Alternanthera_caracasana,Eudicots,Caryophyllales
OLES,Schiedea_membranacea,Eudicots,Caryophyllales
OMYK,Trianthema_portulacastrum,Eudicots,Caryophyllales
ONLQ,Atriplex_hortensis,Eudicots,Caryophyllales
PDQH,Aerva_lanata,Eudicots,Caryophyllales
RNBN,Mollugo_cerviana,Eudicots,Caryophyllales
RUUB,Physena_madagascariensis,Eudicots,Caryophyllales
RXEN,Polycarpaea_repens,Eudicots,Caryophyllales
SCAO,Mollugo_nudicaulis,Eudicots,Caryophyllales
SFKQ,Hilleria_latifolia,Eudicots,Caryophyllales
SHEZ,Dianthus_caryophyllus,Eudicots,Caryophyllales
SKNL,Saponaria_officinalis,Eudicots,Caryophyllales
SMMC,Chenopodium_quinoa,Eudicots,Caryophyllales
TJES,Spergularia_media,Eudicots,Caryophyllales
UQCB,Portulaca_molokiniensis,Eudicots,Caryophyllales
VJPU,Boerhavia_dominii,Eudicots,Caryophyllales
WGET,Kochia_scoparia,Eudicots,Caryophyllales
WMLW,Amaranthus_retroflexus,Eudicots,Caryophyllales
WOBD,Limonium_spectabile,Eudicots,Caryophyllales
WQUF,Nepenthes_alata,Eudicots,Caryophyllales
XSSD,Amaranthus_cruentus,Eudicots,Caryophyllales
YNFJ,Microtea_debilis,Eudicots,Caryophyllales
ZBPY,Alternanthera_brasiliana,Eudicots,Caryophyllales
ZBTA,Boerhavia_coccinea,Eudicots,Caryophyllales
AJFN,Myodocarpus_sp.,Core_eudicots/Asterids,Apiales
CWYJ,Heracleum_lanatum,Core_eudicots/Asterids,Apiales
EDBB,Polyscias_fruticosa,Core_eudicots/Asterids,Apiales
MVSE,Griselinia_littoralis,Core_eudicots/Asterids,Apiales
NTEO,Pittosporum_sahnianum,Core_eudicots/Asterids,Apiales
OINM,Hydrocotyle_umbellata,Core_eudicots/Asterids,Apiales
QIKZ,Griselinia_racemosa,Core_eudicots/Asterids,Apiales
SALZ,Pittosporum_resiniferum,Core_eudicots/Asterids,Apiales
SBZH,Pennantia_corymbosa,Core_eudicots/Asterids,Apiales
SUVN,Hedera_helix,Core_eudicots/Asterids,Apiales
TQKZ,Angelica_archangelica,Core_eudicots/Asterids,Apiales
WEQK,Centella_asiatica,Core_eudicots/Asterids,Apiales
ASMV,Ilex_vomitoria,Core_eudicots/Asterids,Aquifoliales
DFYF,Ilex_sp.,Core_eudicots/Asterids,Aquifoliales
QACK,Helwingia_japonica,Core_eudicots/Asterids,Aquifoliales
SXML,Ilex_paraguariensis,Core_eudicots/Asterids,Aquifoliales
AFQQ,Inula_helenium,Core_eudicots/Asterids,Asterales
AQZD,Flaveria_pringlei,Core_eudicots/Asterids,Asterales
AUIP,Phelline_lucida,Core_eudicots/Asterids,Asterales
BIDT,Flaveria_cronquistii,Core_eudicots/Asterids,Asterales
BMSE,Senecio_rowleyanus,Core_eudicots/Asterids,Asterales
CFRN,Carthamus_lanatus,Core_eudicots/Asterids,Asterales
DDRL,Tragopogon_dubius,Core_eudicots/Asterids,Asterales
DESP,Erigeron_canadensis,Core_eudicots/Asterids,Asterales
DOVJ,Leontopodium_alpinum,Core_eudicots/Asterids,Asterales
DUNJ,Helenium_autumnale,Core_eudicots/Asterids,Asterales
DUQG,Tanacetum_parthenium,Core_eudicots/Asterids,Asterales
EYKJ,Silybum_marianum,Core_eudicots/Asterids,Asterales
FUPX,Tragopogon_pratensis,Core_eudicots/Asterids,Asterales
FXGI,Stylidium_adnatum,Core_eudicots/Asterids,Asterales
GIOY,Corokia_cotoneaster,Core_eudicots/Asterids,Asterales
GUMF,Anthemis_tinctoria,Core_eudicots/Asterids,Asterales
HUQC,Scaevola_mossambicensis,Core_eudicots/Asterids,Asterales
HXCD,Flaveria_vaginata,Core_eudicots/Asterids,Asterales
IHPC,Platycodon_grandiflorus,Core_eudicots/Asterids,Asterales
IXVJ,Menyanthes_trifoliata,Core_eudicots/Asterids,Asterales
IZLO,Lobelia_siphilitica,Core_eudicots/Asterids,Asterales
JEPE,Flaveria_bidentis,Core_eudicots/Asterids,Asterales
JNKW,Cicerbita_plumieri,Core_eudicots/Asterids,Asterales
JYMN,Flaveria_brownii,Core_eudicots/Asterids,Asterales
KFZY,Tragopogon_castellanus,Core_eudicots/Asterids,Asterales
KGJF,Tragopogon_porrifolius,Core_eudicots/Asterids,Asterales
LYPZ,Flaveria_pubescens,Core_eudicots/Asterids,Asterales
MHYG,Conyza_canadensis,Core_eudicots/Asterids,Asterales
NVSO,Flaveria_palmeri,Core_eudicots/Asterids,Asterales
OAGK,Matricaria_matricarioides,Core_eudicots/Asterids,Asterales
QXWF,Flaveria_kochiana,Core_eudicots/Asterids,Asterales
RFSD,Lactuca_graminifolia,Core_eudicots/Asterids,Asterales
TEZA,Solidago_canadensis,Core_eudicots/Asterids,Asterales
TPEM,Platyspermation_crassifolium,Core_eudicots/Asterids,Asterales
UBLN,Xanthium_strumarium,Core_eudicots/Asterids,Asterales
UYED,Flaveria_sonorensis,Core_eudicots/Asterids,Asterales
XRCX,Aster_tataricus,Core_eudicots/Asterids,Asterales
YRBQ,Flaveria_angustifolia,Core_eudicots/Asterids,Asterales
ZCUA,Flaveria_trinervia,Core_eudicots/Asterids,Asterales
ABEH,Heliotropium_greggii,Core_eudicots/Asterids,Boraginales
DIHD,Heliotropium_tenellum,Core_eudicots/Asterids,Boraginales
DKFZ,Mertensia_paniculata,Core_eudicots/Asterids,Boraginales
EMAL,Ehretia_acuminata,Core_eudicots/Asterids,Boraginales
HANM,Pholisma_arenarium,Core_eudicots/Asterids,Boraginales
IDGE,Heliotropium_racemosum,Core_eudicots/Asterids,Boraginales
JWEY,Heliotropium_tenuifolium,Core_eudicots/Asterids,Boraginales
MDJK,Heliotropium_texanum,Core_eudicots/Asterids,Boraginales
MZOB,Heliotropium_mendocinum,Core_eudicots/Asterids,Boraginales
NIGS,Heliotropium_karwinskyi,Core_eudicots/Asterids,Boraginales
OEKO,Heliotropium_filiforme,Core_eudicots/Asterids,Boraginales
OUER,Heliotropium_convolvulaceum,Core_eudicots/Asterids,Boraginales
SMUR,Lennoa_madreporoides,Core_eudicots/Asterids,Boraginales
XVRU,Heliotropium_calcicola,Core_eudicots/Asterids,Boraginales
YQIJ,Phacelia_campanularia,Core_eudicots/Asterids,Boraginales
BFJL,Cornus_florida,Core_eudicots/Asterids,Cornales
FWBF,Alangium_chinense,Core_eudicots/Asterids,Cornales
QURC,Dichroa_febrifuga,Core_eudicots/Asterids,Cornales
VTLJ,Caiophora_chuquitensis,Core_eudicots/Asterids,Cornales
VUSY,Nyssa_ogeche,Core_eudicots/Asterids,Cornales
ZETY,Hydrangea_quercifolia,Core_eudicots/Asterids,Cornales
CAQZ,Symphoricarpos_sp.,Core_eudicots/Asterids,Dipsacales
FFFY,Valeriana_officinalis,Core_eudicots/Asterids,Dipsacales
GSZA,Lonicera_japonica,Core_eudicots/Asterids,Dipsacales
HLJG,Viburnum_odoratissimum,Core_eudicots/Asterids,Dipsacales
JTRM,Dipsacus_asper,Core_eudicots/Asterids,Dipsacales
ZJRC,Sambucus_canadensis,Core_eudicots/Asterids,Dipsacales
ADHK,Galax_urceolata,Core_eudicots/Asterids,Ericales
AVJK,Cavendishia_cuatrecasasii,Core_eudicots/Asterids,Ericales
AXBO,Sinojackia_xylocarpa,Core_eudicots/Asterids,Ericales
BEFC,Manilkara_zapota,Core_eudicots/Asterids,Ericales
BNTL,Souroubea_exauriculata,Core_eudicots/Asterids,Ericales
DAAD,Ardisia_revoluta,Core_eudicots/Asterids,Ericales
FNEN,Phlox_sp.,Core_eudicots/Asterids,Ericales
HUSX,Roridula_gorgonias,Core_eudicots/Asterids,Ericales
JEXA,Impatiens_balsamifera,Core_eudicots/Asterids,Ericales
JPDJ,Symplocos_tinctoria,Core_eudicots/Asterids,Ericales
KVFU,Diospyros_malabarica,Core_eudicots/Asterids,Ericales
LRTN,Monotropa_uniflora,Core_eudicots/Asterids,Ericales
NGRR,Ternstroemia_gymnanthera,Core_eudicots/Asterids,Ericales
ODDO,Ardisia_humilis,Core_eudicots/Asterids,Ericales
OXYP,Sideroxylon_reclinatum,Core_eudicots/Asterids,Ericales
PPPZ,Rhododendron_scopulorum,Core_eudicots/Asterids,Ericales
PTFA,Jacquinia_sp.,Core_eudicots/Asterids,Ericales
QAUE,Actinidia_chinensis,Core_eudicots/Asterids,Ericales
SERM,Sarcodes_sanguinea,Core_eudicots/Asterids,Ericales
UFHF,Galax_urceolata,Core_eudicots/Asterids,Ericales
VKJD,Maesa_lanceolata,Core_eudicots/Asterids,Ericales
WRPP,Synsepalum_dulcificum,Core_eudicots/Asterids,Ericales
WVMY,Phlox_drummondii,Core_eudicots/Asterids,Ericales
WXVX,Rhododendron_groenlandicum,Core_eudicots/Asterids,Ericales
YSRZ,Fouquieria_macdougalii,Core_eudicots/Asterids,Ericales
CLMX,Escallonia_rubra,Core_eudicots/Asterids,Escalloniales
CLNU,Escallonia_sp._cv._Newport,Core_eudicots/Asterids,Escalloniales
GIPR,Aucuba_japonica,Core_eudicots/Asterids,Garryales
SZUO,Eucommia_ulmoides,Core_eudicots/Asterids,Garryales
DSUV,Asclepias_curassavica,Core_eudicots/Asterids,Gentianales
ECTD,Gentiana_acaulis,Core_eudicots/Asterids,Gentianales
EDEQ,Wrightia_natalensis,Core_eudicots/Asterids,Gentianales
GGJD,Strychnos_spinosa,Core_eudicots/Asterids,Gentianales
HGSM,Gelsemium_sempervirens,Core_eudicots/Asterids,Gentianales
JCLQ,Apocynum_androsaemifolium,Core_eudicots/Asterids,Gentianales
JGYZ,Holarrhena_pubescens,Core_eudicots/Asterids,Gentianales
KPUM,Exacum_affine,Core_eudicots/Asterids,Gentianales
KTWL,unknown,Core_eudicots/Asterids,Gentianales
MGVU,Allamanda_cathartica,Core_eudicots/Asterids,Gentianales
PCNH,Psychotria_marginata,Core_eudicots/Asterids,Gentianales
QEHE,Rauvolfia_tetraphylla,Core_eudicots/Asterids,Gentianales
UOYN,Catharanthus_roseus,Core_eudicots/Asterids,Gentianales
WQRD,Galium_boreale,Core_eudicots/Asterids,Gentianales
YADI,Asclepias_syriaca,Core_eudicots/Asterids,Gentianales
YFQX,Apocynum_androsaemifolium,Core_eudicots/Asterids,Gentianales
ZSGF,Psychotria_ipecacuanha,Core_eudicots/Asterids,Gentianales
QZZU,Pyrenacantha_malvifolia,Core_eudicots/Asterids,Icacinales
Mimgu_v2.0,Mimulus_guttatus,Core_eudicots/Asterids,Lamiales
ATYL,Scutellaria_montana,Core_eudicots/Asterids,Lamiales
AYIY,Ruellia_brittoniana,Core_eudicots/Asterids,Lamiales
BAHE,Solenostemon_scutellarioides,Core_eudicots/Asterids,Lamiales
CLRW,Bacopa_caroliniana,Core_eudicots/Asterids,Lamiales
COBX,Polypremum_procumbens,Core_eudicots/Asterids,Lamiales
DCCI,Calceolaria_pinifolia,Core_eudicots/Asterids,Lamiales
DMLT,Vitex_agnus-castus,Core_eudicots/Asterids,Lamiales
DTNC,Sinningia_tuberosa,Core_eudicots/Asterids,Lamiales
EAAA,Marrubium_vulgare,Core_eudicots/Asterids,Lamiales
EDXZ,Schlegelia_violacea,Core_eudicots/Asterids,Lamiales
EJBY,Anticharis_glandulosa,Core_eudicots/Asterids,Lamiales
EJCM,Lindenbergia_philippensis,Core_eudicots/Asterids,Lamiales
EQDA,Salvia_spp.,Core_eudicots/Asterids,Lamiales
FAMO,Conopholis_americana,Core_eudicots/Asterids,Lamiales
FDMM,Rosmarinus_officinalis,Core_eudicots/Asterids,Lamiales
FROP,Epifagus_virginiana,Core_eudicots/Asterids,Lamiales
FUMQ,Nepeta_cataria,Core_eudicots/Asterids,Lamiales
FYUH,Lavandula_angustifolia,Core_eudicots/Asterids,Lamiales
GCFE,Verbena_hastata,Core_eudicots/Asterids,Lamiales
GDZS,Byblis_gigantea,Core_eudicots/Asterids,Lamiales
GETL,Pogostemon_sp.,Core_eudicots/Asterids,Lamiales
GNPX,Oxera_neriifolia,Core_eudicots/Asterids,Lamiales
GNRI,Digitalis_purpurea,Core_eudicots/Asterids,Lamiales
GRFT,Buddleja_sp.,Core_eudicots/Asterids,Lamiales
HRUR,Utricularia_sp.,Core_eudicots/Asterids,Lamiales
IYDF,Thymus_vulgaris,Core_eudicots/Asterids,Lamiales
JCMU,Pinguicula_caudata,Core_eudicots/Asterids,Lamiales
KTAR,Chionanthus_retusus,Core_eudicots/Asterids,Lamiales
LRRR,Teucrium_chamaedrys,Core_eudicots/Asterids,Lamiales
MQIV,Phyla_dulcis,Core_eudicots/Asterids,Lamiales
MXFG,Pinguicula_agnata,Core_eudicots/Asterids,Lamiales
MZLD,Ligustrum_sinense,Core_eudicots/Asterids,Lamiales
NBMW,Sanchezia_sp.,Core_eudicots/Asterids,Lamiales
OWAS,Rehmannia_glutinosa,Core_eudicots/Asterids,Lamiales
PCGJ,Anisacanthus_quadrifidus,Core_eudicots/Asterids,Lamiales
PHCE,Prunella_vulgaris,Core_eudicots/Asterids,Lamiales
PSHB,Lantana_camara,Core_eudicots/Asterids,Lamiales
PTBJ,Plantago_virginica,Core_eudicots/Asterids,Lamiales
PUCW,Agastache_rugosa,Core_eudicots/Asterids,Lamiales
RTNA,Oxera_pulchella,Core_eudicots/Asterids,Lamiales
RWKR,Saintpaulia_ionantha,Core_eudicots/Asterids,Lamiales
SIBR,Celsia_arcturus,Core_eudicots/Asterids,Lamiales
SNNC,Leonurus_japonicus,Core_eudicots/Asterids,Lamiales
TAGM,Melissa_officinalis,Core_eudicots/Asterids,Lamiales
TKEK,Mansoa_alliacea,Core_eudicots/Asterids,Lamiales
TORX,Olea_europaea,Core_eudicots/Asterids,Lamiales
UCNM,Ajuga_reptans,Core_eudicots/Asterids,Lamiales
UMUL,Paulownia_fargesii,Core_eudicots/Asterids,Lamiales
UTQR,Tabebuia_umbellata,Core_eudicots/Asterids,Lamiales
VYDM,Orobanche_fasciculata,Core_eudicots/Asterids,Lamiales
WEAC,Strobilanthes_dyeriana,Core_eudicots/Asterids,Lamiales
WHNV,Micromeria_fruticosa,Core_eudicots/Asterids,Lamiales
WOHL,Schlegelia_parasitica,Core_eudicots/Asterids,Lamiales
XAYK,Kigelia_africana,Core_eudicots/Asterids,Lamiales
XISJ,Antirrhinum_majus,Core_eudicots/Asterids,Lamiales
XMBA,Poliomintha_bustamanta,Core_eudicots/Asterids,Lamiales
XRLM,Buddleja_lindleyana,Core_eudicots/Asterids,Lamiales
XXYA,Verbascum_sp.,Core_eudicots/Asterids,Lamiales
YKZB,Plantago_maritima,Core_eudicots/Asterids,Lamiales
YRHD,Antirrhinum_braun-blanquetii,Core_eudicots/Asterids,Lamiales
YZGX,_unknown,Core_eudicots/Asterids,Lamiales
ZRIN,Uncarina_grandidieri,Core_eudicots/Asterids,Lamiales
Solly_iTAGv2.3,Solanum_lycopersicum,Core_eudicots/Asterids,Solanales
AHRN,Cuscuta_pentagona,Core_eudicots/Asterids,Solanales
AIOU,Brugmansia_sanguinea,Core_eudicots/Asterids,Solanales
ALUC,Ipomoea_quamoclit,Core_eudicots/Asterids,Solanales
BOLZ,Atropa_belladonna,Core_eudicots/Asterids,Solanales
CPOC,Convolvulus_arvensis,Core_eudicots/Asterids,Solanales
DLAI,Solanum_lasiophyllum,Core_eudicots/Asterids,Solanales
DLJZ,Solanum_ptychanthum,Core_eudicots/Asterids,Solanales
EMBR,Ipomoea_pubescens,Core_eudicots/Asterids,Solanales
ERWT,Ipomoea_coccinea,Core_eudicots/Asterids,Solanales
GHLP,Solanum_dulcamara,Core_eudicots/Asterids,Solanales
IZNU,Ipomoea_lobata,Core_eudicots/Asterids,Solanales
JNVS,Datura_metel,Core_eudicots/Asterids,Solanales
LQJY,Solanum_xanthocarpum,Core_eudicots/Asterids,Solanales
LWCK,Lycium_barbarum,Core_eudicots/Asterids,Solanales
MKZR,Nicotiana_sylvestris,Core_eudicots/Asterids,Solanales
NAUM,Ipomoea_lindheimeri,Core_eudicots/Asterids,Solanales
NHAG,Ipomoea_nil,Core_eudicots/Asterids,Solanales
NMDZ,Solanum_sisymbriifolium,Core_eudicots/Asterids,Solanales
OQBM,Ipomoea_indica,Core_eudicots/Asterids,Solanales
OSMU,Lycium_sp.,Core_eudicots/Asterids,Solanales
QSLH,Ipomoea_hederacea,Core_eudicots/Asterids,Solanales
UGJI,Lycopersicon_cheesmanii,Core_eudicots/Asterids,Solanales
VXKB,Ipomoea_purpurea,Core_eudicots/Asterids,Solanales
XQRV,Ipomoea_purpurea,Core_eudicots/Asterids,Solanales
CIAC,Bergenia_sp.,Core_eudicots,Saxifragales
CKKR,Astilbe_chinensis,Core_eudicots,Saxifragales
CTSS,Tellima_breviflora,Core_eudicots,Saxifragales
DAYQ,Mitella_pentandra,Core_eudicots,Saxifragales
DRIL,Kalanchoe_crenato-diagremontiana,Core_eudicots,Saxifragales
ERIA,Heuchera_sanguinea,Core_eudicots,Saxifragales
FCBJ,Saxifraga_stolonifera,Core_eudicots,Saxifragales
FYTP,Daphniphyllum_macropodum,Core_eudicots,Saxifragales
HQRJ,Loropetalum_chinense,Core_eudicots,Saxifragales
HTIP,Paeonia_lactiflora,Core_eudicots,Saxifragales
IUSR,Myriophyllum_aquaticum,Core_eudicots,Saxifragales
KWGC,Crassula_perforata,Core_eudicots,Saxifragales
NUZN,Cercidiphyllum_japonicum,Core_eudicots,Saxifragales
OMDH,Loropetalum_chinense,Core_eudicots,Saxifragales
OOVX,Boykinia_jamesii,Core_eudicots,Saxifragales
SLOI,Tiarella_polyphylla,Core_eudicots,Saxifragales
SYHW,Ribes_aff._giraldii,Core_eudicots,Saxifragales
TOKV,Aphanopetalum_resinosum,Core_eudicots,Saxifragales
UHBY,Oresitrophe_rupifraga,Core_eudicots,Saxifragales
UWFU,Itea_virginica,Core_eudicots,Saxifragales
YKFU,Peltoboykinia_watanabei,Core_eudicots,Saxifragales
YKQR,Hamamelis_virginiana,Core_eudicots,Saxifragales
ZJUL,Rhodiola_rosea,Core_eudicots,Saxifragales
Carpa_ASGPBv0.4,Carica_papaya,Core_eudicots/Rosids,Brassicales
Arath_TAIR10,Arabidopsis_thaliana,Core_eudicots/Rosids,Brassicales
BXBF,Draba_sachalinensis,Core_eudicots/Rosids,Brassicales
CRNC,Limnanthes_douglasii,Core_eudicots/Rosids,Brassicales
CSUV,Cochlearia_officinalis,Core_eudicots/Rosids,Brassicales
CZPV,Moringa_oleifera,Core_eudicots/Rosids,Brassicales
DZTK,Batis_maritima,Core_eudicots/Rosids,Brassicales
GTSV,Draba_hispida,Core_eudicots/Rosids,Brassicales
HABV,Draba_aizoides,Core_eudicots/Rosids,Brassicales
HYZL,Akania_lucens,Core_eudicots/Rosids,Brassicales
IPWB,Brassica_nigra,Core_eudicots/Rosids,Brassicales
JOIS,Koeberlinia_spinosa,Core_eudicots/Rosids,Brassicales
LAPO,Draba_oligosperma,Core_eudicots/Rosids,Brassicales
LJQF,Draba_ossetica,Core_eudicots/Rosids,Brassicales
LVUS,Cleome_violacea,Core_eudicots/Rosids,Brassicales
MYZV,Tropaeolum_peregrinum,Core_eudicots/Rosids,Brassicales
QSKP,Polanisia_trachysperma,Core_eudicots/Rosids,Brassicales
RTTY,Salvadora_sp.,Core_eudicots/Rosids,Brassicales
SWPE,Reseda_odorata,Core_eudicots/Rosids,Brassicales
TZWR,Arabis_alpina,Core_eudicots/Rosids,Brassicales
UAXP,Gyrostemon_ramulosus,Core_eudicots/Rosids,Brassicales
UPZX,Cleome_viscosa,Core_eudicots/Rosids,Brassicales
UVQL,Draba_magellanica,Core_eudicots/Rosids,Brassicales
VDKG,Cleome_gynandra,Core_eudicots/Rosids,Brassicales
VMNH,Sinapis_alba,Core_eudicots/Rosids,Brassicales
IHCQ,Crossopetalum_rhacoma,Core_eudicots/Rosids,Celastrales
MFEA,Stackhousia_spathulata,Core_eudicots/Rosids,Celastrales
PTLU,Staphylea_trifolia,Core_eudicots/Rosids,Crossosomatales
VYGG,Stachyurus_praecox,Core_eudicots/Rosids,Crossosomatales
AXAF,Thladiantha_villosula,Core_eudicots/Rosids,Cucurbitales
NNGU,Coriaria_nepalensis,Core_eudicots/Rosids,Cucurbitales
OCTM,Begonia_sp.,Core_eudicots/Rosids,Cucurbitales
CMFF,Lupinus_polyphyllus,Core_eudicots/Rosids,Fabales
GEHT,Gleditsia_triacanthos,Core_eudicots/Rosids,Fabales
HJMP,Astragalus_membranaceus,Core_eudicots/Rosids,Fabales
JETM,Bauhinia_tomentosa,Core_eudicots/Rosids,Fabales
JTQQ,Glycyrrhiza_lepidota,Core_eudicots/Rosids,Fabales
KEGA,Glycine_soja,Core_eudicots/Rosids,Fabales
KNMB,Lathyrus_sativus,Core_eudicots/Rosids,Fabales
KZED,Senna_hebecarpa,Core_eudicots/Rosids,Fabales
MYMP,Astragalus_propinquus,Core_eudicots/Rosids,Fabales
NXOH,Apios_americana,Core_eudicots/Rosids,Fabales
OHAE,Polygala_lutea,Core_eudicots/Rosids,Fabales
OQHZ,Quillaja_saponaria,Core_eudicots/Rosids,Fabales
PEZP,Glycyrrhiza_glabra,Core_eudicots/Rosids,Fabales
PJSX,Acacia_pycnantha,Core_eudicots/Rosids,Fabales
QZXQ,Gymnocladus_dioicus,Core_eudicots/Rosids,Fabales
RKFX,Cercis_canadensis,Core_eudicots/Rosids,Fabales
RKLL,Copaifera_officinalis,Core_eudicots/Rosids,Fabales
RMWJ,Wisteria_floribunda,Core_eudicots/Rosids,Fabales
SLYR,Cladrastis_lutea,Core_eudicots/Rosids,Fabales
SUAK,Codariocalyx_motorius,Core_eudicots/Rosids,Fabales
TTRG,Lupinus_angustifolius,Core_eudicots/Rosids,Fabales
TVSH,Bituminaria_bituminosa,Core_eudicots/Rosids,Fabales
VHZV,Gleditsia_sinensis,Core_eudicots/Rosids,Fabales
VLNB,Gompholobium_polymorphum,Core_eudicots/Rosids,Fabales
XOOE,Desmanthus_illinoensis,Core_eudicots/Rosids,Fabales
ZCDJ,Acacia_argyrophylla,Core_eudicots/Rosids,Fabales
ZSSR,Xanthocercis_zambesiaca,Core_eudicots/Rosids,Fabales
Phavu_v1.0,Phaseolus_vulgaris,Core_eudicots/Rosids,Fabales
CWZU,Betula_pendula,Core_eudicots/Rosids,Fagales
DXQW,Juglans_nigra,Core_eudicots/Rosids,Fagales
HENI,Quercus_shumardii,Core_eudicots/Rosids,Fagales
INSP,Myrica_cerifera,Core_eudicots/Rosids,Fagales
LNER,Casuarina_equisetifolia,Core_eudicots/Rosids,Fagales
LWDA,Alnus_serrulata,Core_eudicots/Rosids,Fagales
NHUA,Castanea_crenata,Core_eudicots/Rosids,Fagales
SVVG,Fagus_sylvatica,Core_eudicots/Rosids,Fagales
TJLC,Nothofagus_obliqua,Core_eudicots/Rosids,Fagales
UZWG,Castanea_pumila,Core_eudicots/Rosids,Fagales
HDWF,Francoa_appendiculata,Core_eudicots/Rosids,Geraniales
YGCX,Geranium_maculatum,Core_eudicots/Rosids,Geraniales
WWKL,Tapiscia_sinensis,Core_eudicots/Rosids,Huerteales
AEPI,Linum_leonii,Core_eudicots/Rosids,Malpighiales
AXPJ,Linum_flavum,Core_eudicots/Rosids,Malpighiales
BHYC,Linum_lewisii,Core_eudicots/Rosids,Malpighiales
BNDE,Hypericum_perforatum,Core_eudicots/Rosids,Malpighiales
BVOF,Linum_perenne,Core_eudicots/Rosids,Malpighiales
CKDK,Ochna_serrulata,Core_eudicots/Rosids,Malpighiales
COAQ,Malesherbia_fasciculata,Core_eudicots/Rosids,Malpighiales
EZZT,Passiflora_edulis,Core_eudicots/Rosids,Malpighiales
FWCQ,Garcinia_oblongifolia,Core_eudicots/Rosids,Malpighiales
GLVK,Salix_eriocephala,Core_eudicots/Rosids,Malpighiales
HBUQ,Licania_michauxii,Core_eudicots/Rosids,Malpighiales
HNCF,Linum_hirsutum,Core_eudicots/Rosids,Malpighiales
IEPQ,Salix_dasyclados,Core_eudicots/Rosids,Malpighiales
INQX,Salix_acutifolia,Core_eudicots/Rosids,Malpighiales
KCPT,Linum_macraei,Core_eudicots/Rosids,Malpighiales
KKDQ,Salix_viminalis,Core_eudicots/Rosids,Malpighiales
LFOG,Salix_purpurea,Core_eudicots/Rosids,Malpighiales
LPGY,Viola_tricolor,Core_eudicots/Rosids,Malpighiales
MYVH,Linum_grandiflorum,Core_eudicots/Rosids,Malpighiales
NFXV,Mammea_americana,Core_eudicots/Rosids,Malpighiales
NJLF,Viola_canadensis,Core_eudicots/Rosids,Malpighiales
OODC,Linum_bienne,Core_eudicots/Rosids,Malpighiales
OSIP,Garcinia_livingstonei,Core_eudicots/Rosids,Malpighiales
PAZJ,Ricinus_communis,Core_eudicots/Rosids,Malpighiales
POZS,Linum_usitatissimum,Core_eudicots/Rosids,Malpighiales
PXYR,Euphorbia_pekinensis,Core_eudicots/Rosids,Malpighiales
RHAU,Euphorbia_mesembryanthemifolia,Core_eudicots/Rosids,Malpighiales
RPPC,Erythroxylum_coca,Core_eudicots/Rosids,Malpighiales
RVGH,Drypetes_deplanchei,Core_eudicots/Rosids,Malpighiales
RZTJ,Salix_fargesii,Core_eudicots/Rosids,Malpighiales
SIZE,Passiflora_caerulea,Core_eudicots/Rosids,Malpighiales
TDTF,Salix_sachalinensis,Core_eudicots/Rosids,Malpighiales
TVCU,Ochna_mossambicensis,Core_eudicots/Rosids,Malpighiales
TXMP,Linum_strictum,Core_eudicots/Rosids,Malpighiales
VNMY,Bischofia_javanica,Core_eudicots/Rosids,Malpighiales
VVPY,Croton_tiglium,Core_eudicots/Rosids,Malpighiales
VXOD,Linum_tenuifolium,Core_eudicots/Rosids,Malpighiales
XNLP,Manihot_grahamii,Core_eudicots/Rosids,Malpighiales
XPBC,Galphimia_gracilis,Core_eudicots/Rosids,Malpighiales
YGAT,Phyllanthus_sp.,Core_eudicots/Rosids,Malpighiales
ZBVT,Chrysobalanus_icaco,Core_eudicots/Rosids,Malpighiales
ZIWB,Passiflora,Core_eudicots/Rosids,Malpighiales
ZTLR,Rhizophora_mangle,Core_eudicots/Rosids,Malpighiales
Manes_v4.1,Manihot_esculenta,Core_eudicots/Rosids,Malpighiales
Poptr_v3.0,Populus_trichocarpa,Core_eudicots/Rosids,Malpighiales
ATFX,Muntingia_calabura,Core_eudicots/Rosids,Malvales
AWJM,Edgeworthia_papyrifera,Core_eudicots/Rosids,Malvales
KPTE,Bixa_orellana,Core_eudicots/Rosids,Malvales
OLXF,Hibiscus_cannabinus,Core_eudicots/Rosids,Malvales
PKMO,Cistus_inflatus,Core_eudicots/Rosids,Malvales
PUDI,Daphne_giraldii,Core_eudicots/Rosids,Malvales
WMUK,Schizolaena_sp.,Core_eudicots/Rosids,Malvales
WYIG,Dombeya_burgessiae,Core_eudicots/Rosids,Malvales
ZSAB,Hoheria_angustifolia,Core_eudicots/Rosids,Malvales
Theca_v1.1,Theobroma_cacao,Core_eudicots/Rosids,Malvales
AJJE,Terminalia_neotaliala,Core_eudicots/Rosids,Myrtales
ARYD,Oenothera_laciniata,Core_eudicots/Rosids,Myrtales
AXNH,Oenothera_filiformis,Core_eudicots/Rosids,Myrtales
AYMT,Eucalyptus_leucoxylon,Core_eudicots/Rosids,Myrtales
BZDF,Oenothera_biennis,Core_eudicots/Rosids,Myrtales
CJGZ,Oenothera_nana,Core_eudicots/Rosids,Myrtales
DZLN,Oenothera_picensis,Core_eudicots/Rosids,Myrtales
EQYT,Oenothera_berlandieri,Core_eudicots/Rosids,Myrtales
FEDW,Epilobium_sp.,Core_eudicots/Rosids,Myrtales
FGDU,Syzygium_paniculatum,Core_eudicots/Rosids,Myrtales
GVCB,Oenothera_affinis,Core_eudicots/Rosids,Myrtales
HKMQ,Oenothera_villaricae,Core_eudicots/Rosids,Myrtales
IDAU,Oenothera_elata,Core_eudicots/Rosids,Myrtales
IMZV,Oenothera_grandis,Core_eudicots/Rosids,Myrtales
JKNQ,Oenothera_suffulta_suffulta,Core_eudicots/Rosids,Myrtales
KBRW,Oenothera_clelandii,Core_eudicots/Rosids,Myrtales
NEBM,Syzygium_micranthum,Core_eudicots/Rosids,Myrtales
PMTB,Oenothera_gaura,Core_eudicots/Rosids,Myrtales
RJNQ,Lagerstroemia_indica,Core_eudicots/Rosids,Myrtales
ROLB,Oenothera_elata,Core_eudicots/Rosids,Myrtales
SJAN,Oenothera_serrulata,Core_eudicots/Rosids,Myrtales
SWGX,Tetrazygia_bicolor,Core_eudicots/Rosids,Myrtales
TLCA,Oenothera_speciosa,Core_eudicots/Rosids,Myrtales
UJGI,Oenothera_rosea,Core_eudicots/Rosids,Myrtales
WWQZ,Medinilla_magnifica,Core_eudicots/Rosids,Myrtales
YHLF,Oenothera_rhombipetala,Core_eudicots/Rosids,Myrtales
YNUE,Punica_granatum,Core_eudicots/Rosids,Myrtales
ZINQ,Oenothera_grandiflora,Core_eudicots/Rosids,Myrtales
Eucgr_v1.1,Eucalyptus_grandis,Core_eudicots/Rosids,Myrtales
JHCN,Oxalis_sp.,Core_eudicots/Rosids,Oxalidales
THHD,Elaeocarpus_sylvestris,Core_eudicots/Rosids,Oxalidales
TIUZ,Cunonia_capensis,Core_eudicots/Rosids,Oxalidales
YZVJ,Cephalotus_follicularis,Core_eudicots/Rosids,Oxalidales
ACFP,Boehmeria_nivea,Core_eudicots/Rosids,Rosales
AQGE,Humulus_lupulus,Core_eudicots/Rosids,Rosales
BJSW,Cannabis_sativa,Core_eudicots/Rosids,Rosales
BLVL,Sorbus_koehneana,Core_eudicots/Rosids,Rosales
CQMG,Ulmus_alata,Core_eudicots/Rosids,Rosales
DHAW,Geum_quellyon,Core_eudicots/Rosids,Rosales
EAVM,Amelanchier_canadensis,Core_eudicots/Rosids,Rosales
EDHN,Ficus_religiosa,Core_eudicots/Rosids,Rosales
EILE,Rhamnus_japonica,Core_eudicots/Rosids,Rosales
IANR,Rosa_palustris,Core_eudicots/Rosids,Rosales
KYAD,Celtis_occidentalis,Core_eudicots/Rosids,Rosales
NCVK,Prunus_prostrata,Core_eudicots/Rosids,Rosales
QIEH,Cotoneaster_transcaucasicus,Core_eudicots/Rosids,Rosales
QNOC,Sanguisorba_minor,Core_eudicots/Rosids,Rosales
RBYC,Elaeagnus_pungens,Core_eudicots/Rosids,Rosales
SQCF,Dryas_octopetala,Core_eudicots/Rosids,Rosales
SXCE,Physocarpus_opulifolius,Core_eudicots/Rosids,Rosales
TJQY,Kerria_japonica,Core_eudicots/Rosids,Rosales
VCIN,Malus_baccata,Core_eudicots/Rosids,Rosales
WKCY,Urtica_dioica,Core_eudicots/Rosids,Rosales
WVEF,Rhamnus_caroliniana,Core_eudicots/Rosids,Rosales
XFFT,Cercocarpus_ledifolius,Core_eudicots/Rosids,Rosales
XVJB,Morus_nigra,Core_eudicots/Rosids,Rosales
ZHEE,Ziziphus_jujuba,Core_eudicots/Rosids,Rosales
ZPKK,Aruncus_dioicus,Core_eudicots/Rosids,Rosales
Prupe_v1.0,Prunus_persica,Core_eudicots/Rosids,Rosales
BCAA,Kirkia_wilmsii,Core_eudicots/Rosids,Sapindales
FCCA,Boswellia_sacra,Core_eudicots/Rosids,Sapindales
HBHB,Aesculus_pavia,Core_eudicots/Rosids,Sapindales
IKFD,Quassia_amara,Core_eudicots/Rosids,Sapindales
JSZD,Bursera_simaruba,Core_eudicots/Rosids,Sapindales
OBTI,Peganum_harmala,Core_eudicots/Rosids,Sapindales
QICX,Ailanthus_altissima,Core_eudicots/Rosids,Sapindales
RJIM,Melia_azedarach,Core_eudicots/Rosids,Sapindales
UHJR,Citrus_x_paradisi,Core_eudicots/Rosids,Sapindales
UVDC,Azadirachta_indica,Core_eudicots/Rosids,Sapindales
VFFP,Acer_negundo,Core_eudicots/Rosids,Sapindales
WAXR,Litchi_chinensis,Core_eudicots/Rosids,Sapindales
YUOM,Rhus_radicans,Core_eudicots/Rosids,Sapindales
BBBA,Tetrastigma_obtectum,Core_eudicots/Rosids,Vitales
BGZG,Cissus_quadrangularis,Core_eudicots/Rosids,Vitales
SZPD,Tetrastigma_voinierianum,Core_eudicots/Rosids,Vitales
Vitvi_Genoscope.12X,Vitis_vinifera,Core_eudicots/Rosids,Vitales
KVAY,Tribulus_eichlerianus,Core_eudicots/Rosids,Zygophyllales
UDUT,Larrea_tridentata,Core_eudicots/Rosids,Zygophyllales
ZHMB,Krameria_lanceolata,Core_eudicots/Rosids,Zygophyllales
