Onekp_index_id,Onekp_index_id_2,Onekp_index_id_3,Onekp_index_id_4,Onekp_index_id_5,Onekp_index_id_6,Phyto_species,Description,Order,Species,TaxId
VSRH,,,,,,,Acrogymnospermae,Pinales,Abies_lasiocarpa,34340
ZCDJ,,,,,,,Core_eudicots/Rosids,Fabales,Acacia_argyrophylla,1120440
ATQZ,MGBF,PJSX,,,,,Core_eudicots/Rosids,Fabales,Acacia_pycnantha,880440
VFFP,,,,,,,Core_eudicots/Rosids,Sapindales,Acer_negundo,4023
HILW,,,,,,,Acrogymnospermae,Pinales,Acmopyle_pancheri,58026
MTII,,,,,,Aamericanus_v1.1,Monocots/Commelinids,Acorales,Acorus_americanus,263995
JIWJ,,,,,,,Chlorophyta_algae,Ulotrichales,Acrosiphonia_sp,29214
QAUE,,,,,,,Core_eudicots/Asterids,Ericales,Actinidia_chinensis,3625
WCLG,,,,,,,Leptosporangiate_Ferns,Polypodiales,Adiantum_aleuticum,412743
BMJR,,,,,,,Leptosporangiate_Ferns,Polypodiales,Adiantum_raddianum,32168
EMIG,PDQH,VKOE,,,,,Eudicots,Caryophyllales,Aerva_lanata,292353
GBCQ,HDSY,MEAH,,,,,Eudicots,Caryophyllales,Aerva_persica,1799555
HBHB,,,,,,,Core_eudicots/Rosids,Sapindales,Aesculus_pavia,43872
QUTB,,,,,,,Eudicots,Berberidopsidales,Aextoxicon_punctatum,39268
PRFO,,,,,,,Monocots/Commelinids,Asparagales,Agapanthus_africanus,51501
PUCW,,,,,,,Core_eudicots/Asterids,Lamiales,Agastache_rugosa,39271
MIXZ,,,,,,,Acrogymnospermae,Pinales,Agathis_robusta,60854
KXSK,,,,,,,Monocots/Commelinids,Asparagales,Agave_tequilana,386106
QICX,,,,,,,Core_eudicots/Rosids,Sapindales,Ailanthus_altissima,23810
UCNM,,,,,,,Core_eudicots/Asterids,Lamiales,Ajuga_reptans,38596
HYZL,,,,,,,Core_eudicots/Rosids,Brassicales,Akania_lucens,1799556
CCID,,,,,,,Eudicots,Ranunculales,Akebia_trifoliata,155132
FWBF,,,,,,,Core_eudicots/Asterids,Cornales,Alangium_chinense,16897
MGVU,,,,,,,Core_eudicots/Asterids,Gentianales,Allamanda_cathartica,52818
DVXD,,,,,,,Eudicots,Caryophyllales,Allionia_incarnata,122398
KBXS,,,,,,,Monocots/Commelinids,Asparagales,Allium_commutatum,546490
GJPF,,,,,,,Monocots/Commelinids,Asparagales,Allium_sativum,4682
LWDA,,,,,,,Core_eudicots/Rosids,Fagales,Alnus_serrulata,253219
JVBR,,,,,,,Monocots/Commelinids,Asparagales,Aloe_vera,34199
GANB,,,,,,,Leptosporangiate_Ferns,Cyatheales,Alsophila_pinulosa,
ENCD,KTQI,ZBPY,,,,,Eudicots,Caryophyllales,Alternanthera_brasileana,1167232
OHKC,VUIT,WGUG,,,,,Eudicots,Caryophyllales,Alternanthera_caracasana,213817
OYST,LUNL,BWRK,,,,,Eudicots,Caryophyllales,Alternanthera_sessilis,221762
DBCE,DEMH,EYRD,,,,,Eudicots,Caryophyllales,Alternanthera_tenella,326744
,,,,,,Alinifolium_v1.1,Core_eudicots/Rosids,Brassicales,Alyssum_linifolium,
XSSD,,,,,,,Eudicots,Caryophyllales,Amaranthus_cruentus,117272
,,,,,,Ahypochondriacus_v2.1,Eudicots,Caryophyllales,Amaranthus_hypochondriacus,
WMLW,,,,,,,Eudicots,Caryophyllales,Amaranthus_retroflexus,124763
LDME,,,,,,,Monocots/Commelinids,Asparagales,Amaryllis_belladonna,51432
Ambtr_v1.0.27,URDJ,,,,,Atrichopoda_v1.0,Basal_angiosperms,Amborellales,Amborella_trichopoda,13333
EAVM,,,,,,,Core_eudicots/Rosids,Rosales,Amelanchier_canadensis,52523
IAJW,,,,,,,Acrogymnospermae,Pinales,Amentotaxus_argotaenia,25625
,,,,,,Aoccidentale_v0.9,Core_eudicots/Rosids,Sapindales,Anacardium_occidentale,
,,,,,,Acomosus_v3,Monocots/Commelinids,Poales,Ananas_comosus,
WOGB,,,,,,,Bryophytes,Andreaeales,Andreaea_rupestris,13797
CQPW,,,,,,,Leptosporangiate_Ferns,Schizaeales,Anemia_tomentosa,148559
ZUHO,,,,,,,Eudicots,Ranunculales,Anemone_hupehensis,168000
UPOG,,,,,,,Eudicots,Ranunculales,Anemone_pulsatilla,445234
TQKZ,,,,,,,Core_eudicots/Asterids,Apiales,Angelica_archangelica,40949
NHCM,,,,,,,Marattiales,Marattiales,Angiopteris_evecta,13825
PCGJ,,,,,,,Core_eudicots/Asterids,Lamiales,Anisacanthus_quadrifidas,479633
OTQG,,,,,,,Chlorophyta_algae,Sphaeropleales,Ankistrodesmus_sp,3108
YZRI,,,,,,,Magnoliids,Magnoliales,Annona_muricata,13337
QMWB,,,,,,,Bryophytes,Hypnales,Anomodon_attenuatus,119543
VBMM,,,,,,,Bryophytes,Hypnales,Anomodon_rostratus,169504
GUMF,,,,,,,Core_eudicots/Asterids,Asterales,Anthemis_tinctoria,99028
EBOL,TPUT,,,,,,Core_eudicots/Asterids,Lamiales,Anthirrhinum_majus,4151
TWUW,BSNI,,,,,,Hornworts,Anthocerotales,Anthoceros_agrestis,41834
EJBY,,,,,,,Core_eudicots/Asterids,Lamiales,Anticharis_glandulosa,258768
YRHD,,,,,,,Core_eudicots/Asterids,Lamiales,Antirrhinum_braunBlanquetii,102593
XISJ,,,,,,,Core_eudicots/Asterids,Lamiales,Antirrhinum_majus,
IJMT,,,,,,,Chlorophyta_algae,Chaetophorales,Aphanochaete_repens,764106
TOKV,,,,,,,Core_eudicots,Saxifragales,Aphanopetalum_resinosum,131160
NXOH,,,,,,,Core_eudicots/Rosids,Fabales,Apios_americana,185702
JCLQ,UFQC,,,,,,Core_eudicots/Asterids,Gentianales,Apocynum_androsaemifolium,61254
Aquco_v1.1,,,,,,Acoerulea_v3.1,Eudicots,Ranunculales,Aquilegia_coerulea,
,,,,,,Ahalleri_v1.1,Core_eudicots/Rosids,Brassicales,Arabidopsis_halleri,
,,,,,,Alyrata_v2.1,Core_eudicots/Rosids,Brassicales,Arabidopsis_lyrata,
Arath_TAIR10,,,,,,,Core_eudicots/Rosids,Brassicales,Arabidopsis_thaliana,
TZWR,,,,,,,Core_eudicots/Rosids,Brassicales,Arabis_alpina,50452
,,,,,,Ahypogaea_v1.0,Core_eudicots/Rosids,Fabales,Arachis_hypogaea,
XTZO,,,,,,,Acrogymnospermae,Pinales,Araucaria_rulei,60865
ACWS,,,,,,,Acrogymnospermae,Pinales,Araucaria_sp,25666
ODDO,,,,,,,Core_eudicots/Asterids,Ericales,Ardisia_humilis,587400
DAAD,,,,,,,Core_eudicots/Asterids,Ericales,Ardisia_revoluta,671251
BFMT,CCHG,GOQJ,IRAF,SMZF,YDEH,,Eudicots,Ranunculales,Argemone_mexicana,54796
XDDT,,,,,,,Leptosporangiate_Ferns,Polypodiales,Argyrochosma_nivea,414592
HATH,,,,,,,Monocots/Commelinids,Poales,Aristida_stricta,348260
PAWA,,,,,,,Magnoliids,Piperales,Aristolochia_elegans,143780
ZPKK,,,,,,,Core_eudicots/Rosids,Rosales,Aruncus_dioicus,32220
WZFE,,,,,,,Basal_angiosperms,Chloranthales,Ascarina_rubricaulis,226673
DSUV,,,,,,,Core_eudicots/Asterids,Gentianales,Asclepias_curassavica,52823
YADI,,,,,,,Core_eudicots/Asterids,Gentianales,Asclepias_syriaca,48545
FGRF,,,,,,,Monocots/Commelinids,Asparagales,Asparagus_densiflorus,272853
,,,,,,Aofficinalis_V1.1,Monocots/Commelinids,Asparagales,Asparagus_officinalis,
BMIF,,,,,,,Leptosporangiate_Ferns,Polypodiales,Asplenium_lucrosum,
PSKY,,,,,,,Leptosporangiate_Ferns,Polypodiales,Asplenium_nidus,29642
KJZG,,,,,,,Leptosporangiate_Ferns,Polypodiales,Asplenium_platyneuron,210162
XRCX,,,,,,,Core_eudicots/Asterids,Asterales,Aster_tataricus,588669
MNPL,NTLE,,,,,,Chlorophyta_algae,Chlamydomonadales,Asteromonas_gracilis,3156
CKKR,,,,,,,Core_eudicots,Saxifragales,Astilbe_chinensis,268493
HJMP,,,,,,,Core_eudicots/Rosids,Fabales,Astragalus_membranaceus,649199
MYMP,,,ZFRE,,,,Core_eudicots/Rosids,Fabales,Astragalus_propinquus,158324
XIRK,,,,,,,Acrogymnospermae,Pinales,Athrotaxis_cupressoides,99817
URCP,,,,,,,Leptosporangiate_Ferns,Polypodiales,Athyrium_filixFemina,32110
AFPO,,,,,,,Leptosporangiate_Ferns,Polypodiales,Athyrium_sp,49858
ZTHV,,,,,,,Bryophytes,Polytrichales,Atrichum_angustatum,37310
AKTA,BDIW,ONLQ,,,,,Eudicots,Caryophyllales,Atriplex_hortensis,34272
MUCT,EPVF,AAXJ,,,,,Eudicots,Caryophyllales,Atriplex_prostrata,190330
PDXY,LBZM,CBJR,,,,,Eudicots,Caryophyllales,Atriplex_rosea,3552
BOLZ,,,,,,,Core_eudicots/Asterids,Solanales,Atropa_belladonna,33113
GIPR,,,,,,,Core_eudicots/Asterids,Garryales,Aucuba_japonica,16901
WNGH,,,,,,,Bryophytes,Rhizogoniales,Aulacomnium_heterostichum,171832
FZJL,,,,,,,Basal_angiosperms,Austrobaileyales,Austrobaileya_scandens,13351
YYPE,,,,,,,Acrogymnospermae,Pinales,Austrocedrus_chilensis,103964
BTTS,,,,,,,Acrogymnospermae,Pinales,Austrotaxus_spicata,89478
RMVB,,,,,,,Monocots/Commelinids,Poales,Avena_fatua,4499
UVDC,,,,,,,Core_eudicots/Rosids,Sapindales,Azadirachta_indica,124943
CVEG,,,,,,,Leptosporangiate_Ferns,Salviniales,Azolla_caroliniana,39631
CLRW,,,,,,,Core_eudicots/Asterids,Lamiales,Bacopa_caroliniana,90646
STKY,,,,,,,Eudicots,Santalales,Balanophora_fungosa,29813
QWFV,,,,,,,Charophyta_algae,Desmidiales,Bambusina_borreri,184494
OFTV,,,,,,,Liverworts,Jungermanniales,Barbilophozia_barbata,209798
CTYH,,,,,,,Eudicots,Caryophyllales,Basella_alba,3589
MCPK,,,,,,,Chlorophyta_algae,Mamiellales,Bathycoccus_prasinos,41875
DZTK,,,,,,,Core_eudicots/Rosids,Brassicales,Batis_maritima,4436
JETM,,,,,,,Core_eudicots/Rosids,Fabales,Bauhinia_tomentosa,204518
WZYK,,,,,,,Liverworts,Jungermanniales,Bazzania_trilobata,13808
OCTM,,,,,,,Core_eudicots/Rosids,Cucurbitales,Begonia_sp,3681
HAEU,,,,,,,Eudicots,Berberidopsidales,Berberidopsis_beckleri,333358
CIAC,,,,,,,Core_eudicots,Saxifragales,Bergenia_sp,23238
FVXD,,,,,,,Eudicots,Caryophyllales,Beta_maritima,350892
Betvu_v1.1,,,,,,Bvulgaris_EL10_1.0,Eudicots,Caryophyllales,Beta_vulgaris,
BWVJ,,,,,,,Rhodophyta_algae,Gigartinales,Betaphycus_gelatinae,88415
CWZU,,,,,,,Core_eudicots/Rosids,Fagales,Betula_pendula,3505
,,,,,,Bplatyphylla_v1.1,Core_eudicots/Rosids,Fagales,Betula_platyphylla,
VNMY,,,,,,,Core_eudicots/Rosids,Malpighiales,Bischofia_javanica,210340
TVSH,,,,,,,Core_eudicots/Rosids,Fabales,Bituminaria_bituminosa,53836
KPTE,,,,,,,Core_eudicots/Rosids,Malvales,Bixa_orellana,66672
AEXY,,,,,,,Liverworts,Blasiales,Blasia_sp,122624
VITX,,,,,,,Leptosporangiate_Ferns,Polypodiales,Blechnum_spicant,114457
CUTE,,,,,,,Eudicots,Caryophyllales,Blutoparon_vermiculare,221764
,,,,,,Bstricta_v1.2,Core_eudicots/Rosids,Brassicales,Boechera_stricta,
ACFP,,,,,,,Core_eudicots/Rosids,Rosales,Boehmeria_nivea,83906
ZBTA,,,,,,,Eudicots,Caryophyllales,Boerhavia_coccinea,
HUGU,GDYP,VJPU,,,,,Eudicots,Caryophyllales,Boerhavia_dominnii,427788
MBWM,WHHY,,,,,,Eudicots,Caryophyllales,Boerhavia_spiderwort,122400
JBLI,,,,,,,Leptosporangiate_Ferns,Polypodiales,Bolbitis_repanda,
LSHT,,,,,,,Chlorophyta_algae,Ulvales,Bolbocoleon_piliferum,220631
EMJJ,,,,,,,Monocots/Commelinids,Asparagales,Borya_sphaerocephala,213819
FCCA,,,,,,,Core_eudicots/Rosids,Sapindales,Boswellia_sacra,173701
ETGN,,,,,,Bbraunii_v2.1,Eudicots,Caryophyllales,Botryococcus_braunii,38881
VJDZ,,,,,,,Chlorophyta_algae,Sphaeropleales,Botryococcus_sudeticus,244529
QYXY,,,,,,,Chlorophyta_algae,Trebouxiales,Botryococcus_terribilis,1471368
BEGM,,,,,,,Ferns,Ophioglossales,Botrypus_virginianus,167744
JAFJ,,,,,,,Eudicots,Caryophyllales,Bougainvillea_spectabilis,146096
OOVX,,,,,,,Core_eudicots,Saxifragales,Boykinia_jamesii,46776
GUBD,,,,,,,Chlorophyta_algae,Chlamydomonadales,Brachiomonas_submarina,327064
,,,,,,Bdistachyon_v3.2,Monocots/Commelinids,Poales,Brachypodium_distachyon,
,,,,,,Bhybridum_v1.1,Monocots/Commelinids,Poales,Brachypodium_hybridum,
,,,,,,Bmexicanum_v1.1,Monocots/Commelinids,Poales,Brachypodium_mexicanum,
,,,,,,Bstacei_v1.1,Monocots/Commelinids,Poales,Brachypodium_stacei,
,,,,,,Bsylvaticum_v1.1,Monocots/Commelinids,Poales,Brachypodium_sylvaticum,
IPWB,,,,,,,Core_eudicots/Rosids,Brassicales,Brassica_nigra,3710
,,,,,,Boleraceacapitata_v1.0,Core_eudicots/Rosids,Brassicales,Brassica_oleracea,
,,,,,,BrapaFPsc_v1.3,Core_eudicots/Rosids,Brassicales,Brassica_rapa,
BYPY,,,,,,,Monocots/Commelinids,Poales,Brocchinia_reducta,230702
IXEM,,,,,,,Monocots/Commelinids,Asparagales,Brodiaea_sierrae,1799563
AIOU,,,,,,,Core_eudicots/Asterids,Solanales,Brugmansia_sanguinea,540794
JTIG,,,,,,,Chlorophyta_algae,Bryopsidales,Bryopsis_plumosa,3130
JMXW,,,,,,,Bryophytes,Bryales,Bryum_argenteum,37413
XRLM,,,,,,,Core_eudicots/Asterids,Lamiales,Buddleja_lindleyana,168497
GRFT,,,,,,,Core_eudicots/Asterids,Lamiales,Buddleja_sp,26473
JSZD,,,,,,,Core_eudicots/Rosids,Sapindales,Bursera_simaruba,80326
HRWG,,,,,,,Bryophytes,Buxbaumiales,Buxbaumia_aphylla,70128
IWMW,,,,,,,Eudicots,Buxales,Buxus_sempervirens,4002
GDZS,,,,,,,Core_eudicots/Asterids,Lamiales,Byblis_gigantea,45326
VTLJ,,,,,,,Core_eudicots/Asterids,Cornales,Caiophora_chuquitensis,193467
,,,,,,Cmaritima_v1.1,Core_eudicots/Rosids,Brassicales,Cakile_maritima,
DCCI,,,,,,,Core_eudicots/Asterids,Lamiales,Calceolaria_pinifolia,240974
TAVP,,,,,,,Bryophytes,Hypnales,Calliergon_cordifolium,671105
IFLI,,,,,,,Acrogymnospermae,Pinales,Callitris_gracilis,214220
RMMV,,,,,,,Acrogymnospermae,Pinales,Callitris_macleayana,214231
FRPM,,,,,,,Acrogymnospermae,Pinales,Calocedrus_decurrens,13387
FALI,,,,,,,Magnoliids,Laurales,Calycanthus_floridus,3429
RTMU,,,,,,,Liverworts,Jungermanniales,Calypogeia_fissa,362796
DDEV,SJEV,,,,,,Magnoliids,Canellales,Canella_winterana,3426
TZNS,,,,,,,Monocots/Commelinids,Zingiberales,Canna_sp,4627
BJSW,SFZX,PMRP,PDIE,DGNP,,,Core_eudicots/Rosids,Rosales,Cannabis_sativa,
AUGV,,,,,,,Eudicots,Ranunculales,Capnoides_sempervirens,3464
,,,,,,Cgrandiflora_v1.1,Core_eudicots/Rosids,Brassicales,Capsella_grandiflora,
,,,,,,Crubella_v1.1,Core_eudicots/Rosids,Brassicales,Capsella_rubella,
Carpa_ASGPBv0.4,,,,,,Cpapaya_ASGPBv0.4,Core_eudicots/Rosids,Brassicales,Carica_papaya,
VIAU,,,,,,,Chlorophyta_algae,Chlamydomonadales,Carteria_crucifera,47781
RUIF,,,,,,,Chlorophyta_algae,Chlamydomonadales,Carteria_obtusa,69402
CFRN,,,,,,,Core_eudicots/Asterids,Asterales,Carthamus_lanatus,41502
,,,,,,Cillinoinensis_Lakota_v1.1,Core_eudicots/Rosids,Fagales,Carya_illinoinensis,
VYLQ,,,,,,,Magnoliids,Laurales,Cassytha_filiformis,121073
NHUA,,,,,,,Core_eudicots/Rosids,Fagales,Castanea_crenata,103480
,,,,,,Cdentata_v1.1,Core_eudicots/Rosids,Fagales,Castanea_dentata,
UZWG,,,,,,,Core_eudicots/Rosids,Fagales,Castanea_pumila,167378
LNER,,,,,,,Core_eudicots/Rosids,Fagales,Casuarina_equisetifolia,3523
UOYN,,,,,,,Core_eudicots/Asterids,Gentianales,Catharanthus_roseus,4058
NPRL,,,,,,,Acrogymnospermae,Pinales,Cathaya_agryrophylla,64686
,,,,,,Camplexicaulis_v1.1,Core_eudicots/Rosids,Brassicales,Caulanthus_amplexicaulis,
AVJK,,,,,,,Core_eudicots/Asterids,Ericales,Cavendishia_cuatrecasasii,1799565
GGEA,,,,,,,Acrogymnospermae,Pinales,Cedrus_libani,93692
SIBR,,,,,,,Core_eudicots/Asterids,Lamiales,Celsia_arcturus,39285
KYAD,,,,,,,Core_eudicots/Rosids,Rosales,Celtis_occidentalis,228587
WEQK,,,,,,,Core_eudicots/Asterids,Apiales,Centella_asiatica,48106
YDCQ,,,,,,,Chlorophyta_algae,Trentepohliales,Cephaleuros_virescens,173371
GJTI,NVGZ,WYAJ,,,,,Acrogymnospermae,Pinales,Cephalotaxus_harringtonia,58029
YZVJ,,,,,,,Core_eudicots/Rosids,Oxalidales,Cephalotus_follicularis,3775
VZWX,,,,,,,Rhodophyta_algae,Ceramiales,Ceramium_kondoi,218449
UDHA,,,,,,,Eudicots,Ranunculales,Ceratocapnos_vesicaria,54430
FFPD,,,,,,Cpurpureus_GG1_v1.1,Bryophytes,Dicranales,Ceratodon_purpureus,3225
NPND,,,,,,,Hornworts,Ceratophyllales,Ceratophyllum_demersum,4428
,,,,,,Crichardii_v2.1,Leptosporangiate_Ferns,Polypodiales,Ceratopteris_richardii,
PIVW,,,,,,,Leptosporangiate_Ferns,Polypodiales,Ceratopteris_thalictroides,29596
NUZN,,,,,,,Core_eudicots,Saxifragales,Cercidiphyllum_japonicum,13413
RKFX,,,,,,,Core_eudicots/Rosids,Fabales,Cercis_canadensis,49801
XFFT,,,,,,,Core_eudicots/Rosids,Rosales,Cercocarpus_ledifolius,32221
BAZF,,,,,,,Chlorophyta_algae,Chaetopeltidales,Chaetopeltis_orbicularis,56002
DRGY,,,,,,,Charophyta_algae,Coleochaetales,Chaetosphaeridium_globosum,96477
AIGO,,,,,,,Acrogymnospermae,Pinales,Chamaecyparis_lawsoniana,58030
LSLA,VPDX,,,,,,Core_eudicots/Rosids,Malpighiales,Chamaseyce_mesebyranthemum,316811
MWXT,,,,,,,Charophyta_algae,Charales,Chara_vulgaris,55564
,,,,,,Claxum_v1.1,Monocots/Commelinids,Poales,Chasmanthium_laxum,
DCDT,,,,,,,Leptosporangiate_Ferns,Polypodiales,Cheilanthes_arizonica,414605
XMVD,,,,,,,Eudicots,Ranunculales,Chelidonium_majus,71251
SMMC,,,,,,Cquinoa_v1.0,Eudicots,Caryophyllales,Chenopodium_quinoa,63459
KTAR,,,,,,,Core_eudicots/Asterids,Lamiales,Chionanthus_retusus,126362
MULF,,,,,,,Chlorophyta_algae,Chlamydomonadales,Chlamydomonas_bilatus,201316
BCYF,,,,,,,Chlorophyta_algae,Chlamydomonadales,Chlamydomonas_cribrum,69356
JRGZ,,,,,,,Chlorophyta_algae,Chlamydomonadales,Chlamydomonas_moewusii,3054
VALZ,,,,,,,Chlorophyta_algae,Chlamydomonadales,Chlamydomonas_noctigama,28456
,,,,,,Creinhardtii_v5.6,Chlorophyta_algae,Chlamydomonadales,Chlamydomonas_reinhardtii,
MWAN,,,,,,,Chlorophyta_algae,Sphaeropleales,Chlorella_minutissima,3081
PLBZ,,,,,,,Monocots/Commelinids,Asparagales,Chlorogalum_pomeridianum,50240
AZZW,,,,,,,Charophyta_algae,Chlorokybales,Chlorokybus_atmophyticus,3144
IHOI,,,,,,,Chlorophyta_algae,Chlamydomonadales,Chloromonas_oogama,51729
QRTH,,,,,,,Chlorophyta_algae,Chlamydomonadales,Chloromonas_perforata,51730
LBRP,,,,,,,Chlorophyta_algae,Chlamydomonadales,Chloromonas_reticulata,51728
AJUW,,,,,,,Chlorophyta_algae,Chlamydomonadales,Chloromonas_rosa,51731
GFUR,,,,,,,Chlorophyta_algae,Chlamydomonadales,Chloromonas_subdivisa,201322
UTRE,,,,,,,Chlorophyta_algae,Chlamydomonadales,Chloromonas_tughillensi,294827
KSFK,,,,,,,Chlorophyta_algae,Chlorocystidales,Chlorosarcinopsis_halophila,138176
BSTR,,,,,,,Monocots/Commelinids,Poales,Chondropetalum_tectorum,311269
UGPM,,,,,,,Rhodophyta_algae,Gigartinales,Chondrus_crispus,2769
,,,,,,Czofingiensis_v5.2.3.2,Chlorophyta_algae,Sphaeropleales,Chromochloris_zofingiensis,
LLXJ,,,,,,,Rhodophyta_algae,Porphyridiales,Chroodactylon_ornatu,139907
ROZZ,,,,,,,Outgroup,Outgroup,Chroomonas_sp,3029
ZBVT,,,,,,,Core_eudicots/Rosids,Malpighiales,Chrysobalanus_icaco,22978
ORJE,,,,,,,Leptosporangiate_Ferns,Polypodiales,Cibotium_glaucum,253764
,,,,,,Carietinum_v1.0,Core_eudicots/Rosids,Fabales,Cicer_arietinum,
JNKW,,,,,,,Core_eudicots/Asterids,Asterales,Cicerbita_plumieri,75955
CYVA,,,,,,,Eudicots,Ranunculales,Cimicifuga_racemosa,64040
BCGB,,,,,,,Magnoliids,Laurales,Cinnamomum_camphora,13429
,,,,,,Ckanehirae_v3,Magnoliids,Laurales,Cinnamomum_kanehirae,
BGZG,,,,,,,Core_eudicots/Rosids,Vitales,Cissus_quadrandularis,165298
PKMO,,,,,,,Core_eudicots/Rosids,Malvales,Cistus_inflatus,393199
,,,,,,Cclementina_v1.0,Core_eudicots/Rosids,Sapindales,Citrus_clementina,
UHJR,,,,,,,Core_eudicots/Rosids,Sapindales,Citrus_paradisi,
,,,,,,Csinensis_v1.1,Core_eudicots/Rosids,Sapindales,Citrus_sinensis,
VBLH,,,,,,,Chlorophyta_algae,Cladophorales,Cladophora_glomerata,162068
SLYR,,,,,,,Core_eudicots/Rosids,Fabales,Cladrastis_lutea,38412
VBMM,,,,,,,Bryophytes,Hypnales,Claopodium_rostratum,
VDKG,,,,,,,Core_eudicots/Rosids,Brassicales,Cleome_gynandra,
LVUS,,,,,,Cviolacea_v2.1,Core_eudicots/Rosids,Brassicales,Cleome_violacea,
UPZX,,,,,,,Core_eudicots/Rosids,Brassicales,Cleome_viscosa,190804
MIRS,,,,,,,Bryophytes,Hypnales,Climacium_dendroides,70131
DRFX,,,,,,,Charophyta_algae,Desmidiales,Closterium_lunula,227149
XJGM,,,,,,,Chlorophyta_algae,,coccoid_prasinophyte,110677
GXBM,,,,,,,Chlorophyta_algae,,Coccomyxa_pringsheimii,248742
,,,,,,CsubellipsoideaC-169_v2.0,Chlorophyta_algae,Trebouxiophyceae,Coccomyxa_subellipsoidea,
CSUV,,,,,,,Core_eudicots/Rosids,Brassicales,Cochlearia_officinalis,270110
QGLJ,,,,,,,Monocots/Commelinids,Arecales,Cocos_nucifera,13894
SUAK,,,,,,,Core_eudicots/Rosids,Fabales,Codariocalyx_motorius,1205713
GYBH,,,,,,,Chlorophyta_algae,Bryopsidales,Codium_fragile,3133
,,,,,,Carabica_v0.5,Core_eudicots/Asterids,Gentianales,Coffea_arabica,
NHIX,OVRB,SFCT,,,,,Monocots/Commelinids,Liliales,Colchicum_autumnale,45005
QPDY,,,,,,,Charophyta_algae,Coleochaetales,Coleochaete_irregularis,187194
VQBJ,,,,,,,Charophyta_algae,Coleochaetales,Coleochaete_scutata,3125
QLMZ,,,,,,,Outgroup,Outgroup,Colpomenia_sinuosa,87236
ILBQ,,,,,,,Liverworts,Marchantiales,Conocephalum_conicum,41839
FAMO,,,,,,,Core_eudicots/Asterids,Lamiales,Conopholis_americana,4179
CPOC,,,,,,,Core_eudicots/Asterids,Solanales,Convolvulus_arvensis,4123
WSYE,NUSE,MHYG,,,,,Core_eudicots/Asterids,Asterales,Conzya_canadensis,72917
RKLL,,,,,,,Core_eudicots/Rosids,Fabales,Copaifera_officinalis,327148
NNGU,,,,,,,Core_eudicots/Rosids,Cucurbitales,Coriaria_nepalensis,79760
BFJL,,,,,,,Core_eudicots/Asterids,Cornales,Cornus_florida,
BFJL,,,,,,,Core_eudicots/Asterids,Cornales,Cornus_floridana,4283
GIOY,,,,,,,Core_eudicots/Asterids,Asterales,Corokia_cotoneaster,16909
ZGQD,,,,,,,Eudicots,Ranunculales,Corydalis_linstowiana,1799567
,,,,,,Ccitriodora_v2.1,Core_eudicots/Rosids,Myrtales,Corymbia_citriodora,
HIDG,,,,,,,Charophyta_algae,Desmidiales,Cosmarium_broomei,485933
MNNM,,,,,,,Charophyta_algae,Desmidiales,Cosmarium_granatum,98433
HJVM,,,,,,,Charophyta_algae,Desmidiales,Cosmarium_ochthodes,485946
WDGV,,,,,,,Charophyta_algae,Desmidiales,Cosmarium_subtumidum,328280
BHBK,,,,,,,Charophyta_algae,Desmidiales,Cosmarium_tinctum,485969
RQFE,,,,,,,Charophyta_algae,Desmidiales,Cosmocladium_constrictum,184501
QIEH,,,,,,,Core_eudicots/Rosids,Rosales,Cotoneaster_transcaucasicus,1799569
,,,,,,Chispanica_v1.1,Core_eudicots/Rosids,Brassicales,Crambe_hispanica,
KWGC,,,,,,,Core_eudicots,Saxifragales,Crassula_perforata,131161
IHCQ,,,,,,,Core_eudicots/Rosids,Celastrales,Crossopetalum_rhacoma,123494
VVPY,,,,,,,Core_eudicots/Rosids,Malpighiales,Croton_tiglium,497687
WQML,,,,,,,Leptosporangiate_Ferns,Polypodiales,Cryptogramma_acrostichoides,414624
DSXO,GMHZ,HOUF,,,,,Acrogymnospermae,Pinales,Cryptomeria_japonica,3369
BAKF,,,,,,,Outgroup,Outgroup,Cryptomonas_curvata,233186
,,,,,,Csativus_v1.0,Core_eudicots/Rosids,Cucurbitales,Cucumis_sativus,
PNZO,,,,,,,Leptosporangiate_Ferns,Cyatheales,Culcita_macrocarpa,361541
ESYX,ZQVF,OUOI,,,,,Acrogymnospermae,Pinales,Cunninghamia_lanceolata,28977
TIUZ,,,,,,,Core_eudicots/Rosids,Oxalidales,Cunonia_capensis,140419
QNGJ,,,,,,,Acrogymnospermae,Pinales,Cupressus_dupreziana,329083
YJUG,,,,,,,Monocots/Commelinids,Asparagales,Curculigo_sp,4675
LEMW,,,,,,,Monocots/Commelinids,Zingiberales,Curcuma_longa,
JQCX,OYLU,,,,,,Monocots/Commelinids,Zingiberales,Curcuma_olena,136217
AHRN,,,,,,,Core_eudicots/Asterids,Solanales,Cuscuta_pentagona,112407
RDYY,,,,,,,Monocots/Commelinids,Asparagales,Cyanastrum_cordifolium,44944
KYNE,,,,,,,Monocots/Commelinids,Asparagales,Cyanella_orchidiformis,928049
QFND,YTYU,,,,,,Glaucocystales_algae,Glaucocystales,Cyanophora_paradoxa,2762
JKHA,,,,,,,Chlorophyta_algae,Chlamydomonadales,Cyanoptyche_gloeocystis,77922
GANB,,,,,,,Leptosporangiate_Ferns,Cyatheales,Cyathea_spinulosa,204586
XZUY,,,,,,,Acrogymnospermae,Cycadales,Cycas_micholitzii,182486
DZPJ,,,,,,,Chlorophyta_algae,Sphaeropleales,Cylindrocapsa_geminella,52679
RPGL,YOXI,,,,,,Charophyta_algae,Zygnematales,Cylindrocystis_brebissonii,102167
JOJQ,,,,,,,Charophyta_algae,Zygnematales,Cylindrocystis_cushleckae,592402
ROEI,,,,,,,Monocots/Commelinids,Poales,Cymbopogon_nardus,79840
PWSG,,,,,,,Monocots/Commelinids,Poales,Cyperus_papyrus,76434
GJNX,,,,,,,Eudicots,Caryophyllales,Cypselea_humifusa,323182
YZGX,,,,,,,Core_eudicots/Asterids,Ericales,Cyrilla_racemiflora,4341
LHLE,XXHP,,,,,,Leptosporangiate_Ferns,Polypodiales,Cystopteris_fragilis,32112
YOWV,,,,,,,Leptosporangiate_Ferns,Polypodiales,Cystopteris_protrusa,1328783
RICC,,,,,,,Leptosporangiate_Ferns,Polypodiales,Cystopteris_reevesiana,451085
HNDZ,,,,,,,Leptosporangiate_Ferns,Polypodiales,Cystopteris_utahensis,1328788
FMWZ,,,,,,,Acrogymnospermae,Pinales,Dacrycarpus_compactus,190266
IZGN,,,,,,,Acrogymnospermae,Pinales,Dacrydium_balansae,120587
BSEY,,,,,,,Eudicots,Santalales,Daenikera_sp,450000
DFHO,,,,,,,Marattiales,Marattiales,Danaea_nodosa,491836
PUDI,,,,,,,Core_eudicots/Rosids,Malvales,Daphne_geraldii,1799574
FYTP,,,,,,,Core_eudicots,Saxifragales,Daphniphyllum_macropodum,276776
JNVS,,,,,,,Core_eudicots/Asterids,Solanales,Datura_metel,35625
,,,,,,Dcarota_v2.0,Core_eudicots/Asterids,Apiales,Daucus_carota,
OQWW,,,,,,,Leptosporangiate_Ferns,Polypodiales,Davallia_fejeensis,328198
BJKT,,,,,,,Eudicots,Caryophyllales,Delosperma_echinatum,85190
XNXF,,,,,,,Lycophytes,Lycopodiales,Dendrolycopodium_obscurum,62333
VGVI,,,,,,,Eudicots,Santalales,Dendropemon_caribaeus,1618139
MTGC,,,,,,,Leptosporangiate_Ferns,Polypodiales,Dennstaedtia,1691968
MTGC,,,,,,,Leptosporangiate_Ferns,Polypodiales,Dennstaedtia_davallioides,
FCHS,,,,,,,Leptosporangiate_Ferns,Polypodiales,Deparia_lobatoCrenata,489884
IADP,,,,,,,Monocots/Commelinids,Poales,Deschampsia_cespitosa,37723
,,,,,,Dsophioides_v1.1,Core_eudicots/Rosids,Brassicales,Descurainia_sophioides,
XOOE,,,,,,,Core_eudicots/Rosids,Fabales,Desmanthus_illinoensis,196648
FSQE,,,,,,,Outgroup,Outgroup,Desmarestia_viridis,62313
DFDS,,,,,,,Charophyta_algae,Desmidiales,Desmidium_aptogonum,426038
SHEZ,,,,,,,Eudicots,Caryophyllales,Dianthus_caryophyllus,
SHEZ,,,,,,,Eudicots,Caryophyllales,Dianthus_sp,3570
QURC,,,,,,,Core_eudicots/Asterids,Cornales,Dichroa_febrifuga,152286
NGTD,,,,,,,Bryophytes,Dicranales,Dicranum_scoparium,3222
LIRF,,,,,,,Outgroup,Outgroup,Dictyopteris_undulata,156997
RFRB,,,,,,,Leptosporangiate_Ferns,Polypodiales,Didymochlaena_truncatula,173906
GNRI,,,,,,,Core_eudicots/Asterids,Lamiales,Digitalis_purpurea,4164
EHNF,,,,,,,Eudicots,Dilleniales,Dillenia_indica,4378
WLIC,,,,,,,Acrogymnospermae,Cycadales,Dioon_edule,58033
,,,,,,Dalata_v2.1,Monocots/Commelinids,Dioscoreales,Dioscorea_alata,
OCWZ,,,,,,,Monocots/Commelinids,Dioscoreales,Dioscorea_villosa,330167
KVFU,,,,,,,Core_eudicots/Asterids,Ericales,Diospyros_malabarica,413755
WAFT,,,,,,,Lycophytes,Lycopodiales,Diphasiastrum_digitatum,13841
AWOI,,,,,,,Bryophytes,Diphysciales,Diphyscium_foliosum,82928
UFJN,,,,,,,Leptosporangiate_Ferns,Polypodiales,Diplazium_wichurae,65712
JTRM,,,,,,,Core_eudicots/Asterids,Dipsacales,Dipsacus_sativum,516548
MEKP,,,,,,,Leptosporangiate_Ferns,Gleicheniales,Dipteris_conjugata,32108
,,,,,,Dstrictus_v2.1,Core_eudicots/Rosids,Brassicales,Diptychocarpus_strictus,
GKCZ,,,,,,,Acrogymnospermae,Pinales,Diselma_archeri,13497
UZXL,,,,,,,Monocots/Commelinids,Asparagales,Disporopsis_pernyi,34185
XOAL,,,,,,,Chlorophyta_algae,Dolichomastigales,Dolichomastix_tenuilepi,195969
WYIG,,,,,,,Core_eudicots/Rosids,Malvales,Dombeya_burgessiae,857585
HABV,,,,,,,Core_eudicots/Rosids,Brassicales,Draba_aizoides,87302
GTSV,,,,,,,Core_eudicots/Rosids,Brassicales,Draba_hispida,311937
UVQL,,,,,,,Core_eudicots/Rosids,Brassicales,Draba_magellanica,126261
LAPO,,,,,,,Core_eudicots/Rosids,Brassicales,Draba_oligosperma,95413
LJQF,,,,,,,Core_eudicots/Rosids,Brassicales,Draba_ossetica,1282118
BXBF,,,,,,,Core_eudicots/Rosids,Brassicales,Draba_sachalinensis,381185
XZME,,,,,,,Monocots/Commelinids,Asparagales,Drakaea_elastica,1048778
SVTS,,,,,,,Monocots/Commelinids,Asparagales,Drimia_altissima,65774
WKSU,,,,,,,Magnoliids,Canellales,Drimys_winteri,3419
SQCF,,,,,,,Core_eudicots/Rosids,Rosales,Dryas_octopetala,57948
RVGH,,,,,,,Core_eudicots/Rosids,Malpighiales,Drypetes_deplanchei,117163
IEHF,,,,,,,Rhodophyta_algae,Gigartinales,Dumontia_simplex,142491
WDWX,,,,,,,Chlorophyta_algae,Chlamydomonadales,Dunaliella_primolecta,257627
RHVC,UKUC,SYJM,,,,Dsalina_v1.0,Chlorophyta_algae,Chlamydomonadales,Dunaliella_salina,3046
ZDIZ,,,,,,,Chlorophyta_algae,Chlamydomonadales,Dunaliella_tertiolecta,3047
AWJM,,,,,,,Core_eudicots/Rosids,Malvales,Edgeworthia_papyrifera,142181
EMAL,,,,,,,Core_eudicots/Asterids,Boraginales,Ehretia_acuminata,163079
RBYC,,,,,,,Core_eudicots/Rosids,Rosales,Elaeagnus_pungens,693372
Elagu_v2.0,,,,,,,Monocots/Commelinids,Arecales,Elaeis_guineensis,
THHD,,,,,,,Core_eudicots/Rosids,Oxalidales,Elaeocarpus_sylvestris,232790
CXSJ,TIJL,PZAP,OMXG,EFCZ,,Ecoracana_v1.1,Monocots/Commelinids,Poales,Eleusine_coracana,4511
KEFD,,,,,,,Bryophytes,Encalyptales,Encalypta_streptocarpa,81092
GNQG,,,,,,,Acrogymnospermae,Cycadales,Encephalartos_barteri,133428
OQON,,,,,,,Chlorophyta_algae,Ulvales,Entocladia_endozoica,220632
BFIK,,,,,,,Charophyta_algae,Zygnematales,Entransia_fimbriat,130991
VDAO,,,,,,,Acrogymnospermae,Gnetales,Ephedra_sinica,33152
XMOG,URZI,FROP,,,,,Core_eudicots/Asterids,Lamiales,Epifagus_virginiana,4177
FEDW,,,,,,,Core_eudicots/Rosids,Myrtales,Epilobium_sp,13054
CAPN,,,,,,,Horsetails,Equisetales,Equisetum_diffusum,231682
JVSZ,,,,,,,Horsetails,Equisetales,Equisetum_hyemale,3262
MNCB,,,,,,,Chlorophyta_algae,Chlorellales,Eremosphaera_viridi,163307
DESP,,,,,,,Core_eudicots/Asterids,Asterales,Erigeron_speciosus,72917
ONBE,,,,,,,Monocots/Commelinids,Asparagales,Eriospermum_lancifolia,1799577
,,,,,,Evesicaria_v1.1,Core_eudicots/Rosids,Brassicales,Eruca_vesicaria,
RPPC,,,,,,,Core_eudicots/Rosids,Malpighiales,Erythroxylum_coca,289672
CLNU,,,,,,,Core_eudicots/Asterids,Escalloniales,Escallonia_Newport,
CLMX,,,,,,,Core_eudicots/Asterids,Escalloniales,Escallonia_rubra,112253
ERXG,UNPT,TUHA,NJKC,EVOD,,,Eudicots,Ranunculales,Eschscholzia_californica,3467
GYRP,,,,,,,Charophyta_algae,Desmidiales,Euastrum_affine,485972
Eucgr_v1.1,,,,,,Egrandis_v2.0,Core_eudicots/Rosids,Myrtales,Eucalyptus_grandis,
AYMT,,,,,,,Core_eudicots/Rosids,Myrtales,Eucalyptus_leucoxylon,34318
JEBK,,,,,,,Rhodophyta_algae,Gigartinales,Eucheuma_denticulatum,305493
,,,,,,Esyriacum_v1.1,Core_eudicots/Rosids,Brassicales,Euclidium_syriacum,
SZUO,,,,,,,Core_eudicots/Asterids,Garryales,Eucommia_ulmoides,4392
RNAT,,,,,,,Chlorophyta_algae,Chlamydomonadales,Eudorina_elegans,47282
UNBZ,,,,,,,Protist,Euglenales,Euglena_sp,44267
RHAU,,,,,,,Core_eudicots/Rosids,Malpighiales,Euphorbia_mesembryanthemifolia,
PXYR,,,,,,,Core_eudicots/Rosids,Malpighiales,Euphorbia_pekinensis,273621
DHPO,,,,,,,Magnoliids,Magnoliales,Eupomatia_bennettii,13521
QTJY,,,,,,,Eudicots,Ranunculales,Euptelea_pleiosperma,106141
,,,,,,Esalsugineum_v1.0,Core_eudicots/Rosids,Brassicales,Eutrema_salsugineum,
KPUM,,,,,,,Core_eudicots/Asterids,Gentianales,Exacum_affine,13525
XGFU,,,,,,,Eudicots,Santalales,Exocarpos_cupressiformis,795994
SVVG,,,,,,,Core_eudicots/Rosids,Fagales,Fagus_sylvatica,28930
QHBI,ROWR,,,,,,Acrogymnospermae,Pinales,Falcatifolium_taxoides,58038
EDHN,,,,,,,Core_eudicots/Rosids,Rosales,Ficus_religiosa,66387
ZNZC,QBGG,JEPE,,,,,Core_eudicots/Asterids,Asterales,Flaveria_bidentis,4224
IPUI,JYMN,LMXP,,,,,Core_eudicots/Asterids,Asterales,Flaveria_brownii,33111
DSWR,KJBH,BIDT,,,,,Core_eudicots/Asterids,Asterales,Flaveria_cronquestii,29717
QXWF,,,,,,,Core_eudicots/Asterids,Asterales,Flaveria_kochiana,343901
NVSO,,,,,,,Core_eudicots/Asterids,Asterales,Flaveria_palmeri,35879
RZSW,GFVW,AQZD,,,,,Core_eudicots/Asterids,Asterales,Flaveria_pringlei,4226
HXDV,LYPZ,JZHZ,,,,,Core_eudicots/Asterids,Asterales,Flaveria_pubescens,35880
UYED,,,,,,,Core_eudicots/Asterids,Asterales,Flaveria_sonorensis,343904
HRVY,ZCUA,RLCS,,,,,Core_eudicots/Asterids,Asterales,Flaveria_trinervia,4227
HXCD,,,,,,,Core_eudicots/Asterids,Asterales,Flaveria_vaginata,243343
UEVI,,,,,,,Acrogymnospermae,Pinales,Fokienia_hodginsii,89191
DHWX,,,,,,,Bryophytes,Hypnales,Fontinalis_antipyretica,67435
UEEN,,,,,,,Core_eudicots/Asterids,Lamiales,Forestiera_segregata,126416
YSRZ,,,,,,,Core_eudicots/Asterids,Ericales,Fouquieria_macdougalii,98238
,,,,,,Fvesca_v4.0.a2,Core_eudicots/Rosids,Fabales,Fragaria_vesca,
HDWF,,,,,,,Core_eudicots/Rosids,Geraniales,Francoa_appendiculata,70269
WPYJ,,,,,,,Eudicots,Caryophyllales,Frankenia_laevis,122303
DGXS,,,,,,,Monocots/Commelinids,Pandanales,Freycinetia_multiflora,244028
VFIV,,,,,,,Chlorophyta_algae,Chaetophorales,Fritschiella_tuberosa,56004
TGKW,,,,,,,Liverworts,Porellales,Frullania_sp,95763
XWHK,,,,,,,Bryophytes,Bryales,Funaria,99387
ADHK,UFHF,,,,,,Core_eudicots/Asterids,Ericales,Galax_urceolata,55362
WQRD,,,,,,,Core_eudicots/Asterids,Gentianales,Galium_boreale,35896
XPBC,,,,,,,Core_eudicots/Rosids,Malpighiales,Galphimia_gracilis,112833
OSIP,,,,,,,Core_eudicots/Rosids,Malpighiales,Garcinia_livingstonei,469932
FWCQ,,,,,,,Core_eudicots/Rosids,Malpighiales,Garcinia_oblongiflolia,1009475
HGSM,,,,,,,Core_eudicots/Asterids,Gentianales,Gelsemium_sempervirens,28542
PFUD,,,,,,,Chlorophyta_algae,Chlorellales,Geminella_sp,163308
ECTD,,,,,,,Core_eudicots/Asterids,Gentianales,Gentiana_acaulis,49933
VKGP,,,,,,,Core_eudicots/Rosids,Geraniales,Geranium_carolinianum,554690
YGCX,,,,,,,Core_eudicots/Rosids,Geraniales,Geranium_maculatum,1663611
DHAW,,,,,,,Core_eudicots/Rosids,Rosales,Geum_quellyon,1799579
SGTW,,,,,,,Acrogymnospermae,Ginkgoales,Ginkgo_biloba,3311
POOW,,,,,,,Glaucocystales_algae,Glaucocystales,Glaucocystis_nostochinearum,2044895
RSOF,,,,,,,Rhodophyta_algae,Glaucosphaerales,Glaucosphaera_vacuolata,38265
VHZV,,,,,,,Core_eudicots/Rosids,Fabales,Gleditsia_sinensis,66096
GEHT,,,,,,,Core_eudicots/Rosids,Fabales,Gleditsia_triacanthos,54874
PQED,,,,,,,Gloeochaetales_algae,Gloeochaetales,Gloeochaete_wittrockiana,38269
SBLT,,,,,,,Rhodophyta_algae,Gigartinales,Gloeopeltis_furcata,42017
GDKK,,,,,,,Monocots/Commelinids,Liliales,Gloriosa_superba,41220
,,,,,,Gmax_Wm82.a4.v1,Core_eudicots/Rosids,Fabales,Glycine_max,
AKRH,ZUQW,TJMB,RIDD,PFSA,OAQS,Gsoja_v1.1,Core_eudicots/Rosids,Fabales,Glycine_soja,3848
PEZP,,,,,,,Core_eudicots/Rosids,Fabales,Glycyrrhiza_glabra,49827
JTQQ,,,,,,,Core_eudicots/Rosids,Fabales,Glycyrrhiza_lepidota,47080
OXGJ,,,,,,,Acrogymnospermae,Pinales,Glyptostrobus_pensilis,28978
GTHK,,,,,,,Acrogymnospermae,Gnetales,Gnetum_montanum,3381
BZSH,,,,,,,Chlorophyta_algae,Chlamydomonadales,Golenkinia_longispicula,204992
MAQO,,,,,,,Magnoliids,Laurales,Gomortega_keule,63806
VLNB,,,,,,,Core_eudicots/Rosids,Fabales,Gompholobium_polymorphum,1799580
KEYW,,,,,,,Charophyta_algae,Desmidiales,Gonatozygon_kinahanii,227148
KUJU,,,,,,,Chlorophyta_algae,Chlamydomonadales,Gonium_pectorale,33097
VTUS,,,,,,,Monocots/Commelinids,Asparagales,Goodyera_pubescens,78780
,,,,,,Gbarbadense_v1.1,Core_eudicots/Rosids,Malvales,Gossypium_barbadense,
,,,,,,Gdarwinii_v1.1,Core_eudicots/Rosids,Malvales,Gossypium_darwinii,
,,,,,,Ghirsutum_v2.1,Core_eudicots/Rosids,Malvales,Gossypium_hirsutum,
,,,,,,Gmustelinum_v1.1,Core_eudicots/Rosids,Malvales,Gossypium_mustelinum,
,,,,,,Graimondii_v2.1,Core_eudicots/Rosids,Malvales,Gossypium_raimondii,
,,,,,,Gtomentosum_v1.1,Core_eudicots/Rosids,Malvales,Gossypium_tomentosum,
VNAL,,,,,,,Rhodophyta_algae,Gracilariales,Gracilaria_asiatica,2608709
LJPN,,,,,,,Rhodophyta_algae,Gracilariales,Gracilaria_blodgettii,203266
FTRP,,,,,,,Rhodophyta_algae,Gracilariales,Gracilaria_chouae,1172980
IKWM,,,,,,,Rhodophyta_algae,Gracilariales,Gracilaria_lemaneiformi,2782
ZJOJ,,,,,,,Rhodophyta_algae,Halymeniales,Grateloupia_filicina,31455
IKIZ,,,,,,,Rhodophyta_algae,Halymeniales,Grateloupia_livida,118374
URSB,,,,,,,Rhodophyta_algae,Halymeniales,Grateloupia_turuturu,118375
GRRW,,,,,,,Eudicots,Proteales,Grevillea_robusta,105748
FONV,,,,,,,Core_eudicots/Rosids,Geraniales,Greyia_sutherlandii,1167264
MVSE,,,,,,,Core_eudicots/Asterids,Apiales,Griselinia_littoralis,86852
QIKZ,,,,,,,Core_eudicots/Asterids,Apiales,Griselinia_racemosa,140583
XMQO,,,,,,,Eudicots,Gunnerales,Gunnera_manicata,24957
HEGQ,,,,,,,Leptosporangiate_Ferns,Polypodiales,Gymnocarpium_dryopteris,32116
QZXQ,,,,,,,Core_eudicots/Rosids,Fabales,Gymnocladus_dioicus,53883
CKXF,,,,,,,Rhodophyta_algae,Gigartinales,Gymnogongrus_ftabelliformis,38507
BSVG,,,,,,,Magnoliids,Laurales,Gyrocarpus_americanus,63807
UAXP,,,,,,,Core_eudicots/Rosids,Brassicales,Gyrostemon_ramulosus,1664126
LELS,,,,,,,Monocots/Commelinids,Asparagales,Haemaria_discolor,60011
ODXI,AGIO,,,,,,Chlorophyta_algae,Chlamydomonadales,Haematococcus_pluvialis,44745
FXHG,,,,,,,Chlorophyta_algae,Chlamydomonadales,Hafniomonas_reticulata,51322
SIIK,,,,,,,Eudicots,Proteales,Hakea_drupacea,1136190
OBOJ,RQUG,REOF,,,,,Eudicots,Proteales,Hakea_prostrata,1136207
OWFC,,,,,,,Acrogymnospermae,Pinales,Halocarpus_bidwillii,120591
ALZF,,,,,,,Chlorophyta_algae,Chlorocystidales,Halochlorococcum_marinum,1799581
DMKC,YKQR,YHXT,,,,,Core_eudicots,Saxifragales,Hamamelis_virginiana,4397
EITK,SUVN,JBYE,,,,,Core_eudicots/Asterids,Apiales,Hedera_helix,4052
YWNF,,,,,,,Bryophytes,Hedwigiales,Hedwigia_ciliata,52988
DUNJ,,,,,,,Core_eudicots/Asterids,Asterales,Helenium_autumnale,138408
,,,,,,Hannuus_r1.2,Core_eudicots/Asterids,Asterales,Helianthus_annuus,
AJAU,,,,,,,Chlorophyta_algae,Ulotrichales,Helicodictyon_planctonicum,138173
KNKV,XHHU,TNWF,,,,,Monocots/Commelinids,Zingiberales,Heliconia_sp,4653
EIGQ,XVRU,VJSJ,RGMN,,,,Core_eudicots/Asterids,Boraginales,Heliotropium_calcicola,1799583
OUER,,,,,,,Core_eudicots/Asterids,Boraginales,Heliotropium_convolvulaceum,244097
IPPG,XKVX,OEKO,,,,,Core_eudicots/Asterids,Boraginales,Heliotropium_filiforme,1475407
ABEH,,,,,,,Core_eudicots/Asterids,Boraginales,Heliotropium_greggii,1799584
NIGS,,,,,,,Core_eudicots/Asterids,Boraginales,Heliotropium_karwinsky,1799585
MZOB,,,,,,,Core_eudicots/Asterids,Boraginales,Heliotropium_mendocinum,168351
IDGE,,,,,,,Core_eudicots/Asterids,Boraginales,Heliotropium_racemosum,1799586
DIHD,,,,,,,Core_eudicots/Asterids,Boraginales,Heliotropium_tenellum,1799587
JWEY,,,,,,,Core_eudicots/Asterids,Boraginales,Heliotropium_tenuifolium,
CSWE,MDJK,IWJG,,,,,Core_eudicots/Asterids,Boraginales,Heliotropium_texanum,1799588
OOSO,,,,,,,Monocots/Commelinids,Liliales,Helonias_bullata,50364
QACK,,,,,,,Core_eudicots/Asterids,Aquifoliales,Helwingia_japonica,16915
JHUL,,,,,,,Monocots/Commelinids,Asparagales,Hemerocallis_sp,16107
MJMQ,,,,,,,Cryptomonadales_algae,Cryptomonadales,Hemiselmis_virescens,77927
CWYJ,,,,,,,Core_eudicots/Asterids,Apiales,Heracleum_lanatum,40918
CMCY,,,,,,,Monocots/Commelinids,Asparagales,Hesperaloe_parviflora,39542
IRYH,,,,,,,Chlorophyta_algae,Chlamydomonadales,Heterochlamydomonas_inaequalis,179866
YSBD,,,,,,,Rhodophyta_algae,Ceramiales,Heterosiphonia_pulchra,189631
ERIA,,,,,,,Core_eudicots,Saxifragales,Heuchera_sanguinea,43368
OLXF,,,,,,,Core_eudicots/Rosids,Malvales,Hibiscus_cannabinus,229543
SFKQ,,,,,,,Eudicots,Caryophyllales,Hilleria_latifolia,169266
LDRY,,,,,,,Ochrophyta_algae,Fucales,Hizikia_fusifrome,590727
ZSAB,,,,,,,Core_eudicots/Rosids,Malvales,Hoheria_angustifolia,288271
JGYZ,,,,,,,Core_eudicots/Asterids,Gentianales,Holarrhena_pubescens,69381
OCZL,,,,,,,Leptosporangiate_Ferns,Polypodiales,Homalosorus_pycnocarpos,86699
,,,,,,Hvulgare_r1,Monocots/Commelinids,Poales,Hordeum_vulgare,
ISGT,,,,,,,Protist,Philasterida,Hormidiella_sp,2047667
CSSK,,,,,,,Magnoliids,Piperales,Houttuynia_cordata,16752
AQGE,,,,,,,Core_eudicots/Rosids,Rosales,Humulus_lupulus,3486
GKAG,,,,,,,Lycophytes,Lycopodiales,Huperzia_lucidula,37429
CBAE,,,,,,,Lycophytes,Lycopodiales,Huperzia_myrisinites,1799590
GTUO,YHZW,NYBX,,,,,Lycophytes,Lycopodiales,Huperzia_selago,70001
GAON,,,,,,,Lycophytes,Lycopodiales,Huperzia_squarrosa,73615
ZETY,,,,,,Hquercifolia_v1.1,Core_eudicots/Asterids,Cornales,Hydrangea_quercifolia,60124
VGHH,,,,,,,Eudicots,Ranunculales,Hydrastis_canadensis,13569
OINM,,,,,,,Core_eudicots/Asterids,Apiales,Hydrocotyle_umbellata,1475409
QIAD,,,,,,,Leptosporangiate_Ferns,Hymenophyllales,Hymenophyllum_bivalve,638557
NMGG,,,,,,,Eudicots,Ranunculales,Hypecoum_procumbens,391933
BNDE,,,,,,,Core_eudicots/Rosids,Malpighiales,Hypericum_perforatum,65561
LNSF,,,,,,,Bryophytes,Hypnales,Hypnum_subimponens,1671329
,,,,,,Iamara_v1.1,Core_eudicots/Rosids,Brassicales,Iberis_amara,
WPHN,,,,,,,Magnoliids,Laurales,Idiospermum_australiense,13573
KADG,,,,,,,Chlorophyta_algae,Ignatiales,Ignatius_tetrasporus,231078
SXML,,,,,,,Core_eudicots/Asterids,Aquifoliales,Ilex_paraguariensis,185542
ASMV,,,,,,,Core_eudicots/Asterids,Aquifoliales,Ilex_vomitoria,4297
VZCI,,,,,,,Basal_angiosperms,Austrobaileyales,Illicium_floridanum,13098
ROAP,,,,,,,Basal_angiosperms,Austrobaileyales,Illicium_parviflorum,13099
JEXA,,,,,,,Core_eudicots/Asterids,Ericales,Impatiens_balsamifera,63779
FPCO,,,,,,,Charophyta_algae,Klebsormidiales,Interfilum_paradoxum,519231
AFQQ,,,,,,,Core_eudicots/Asterids,Asterales,Inula_helenium,55635
ERWT,,,,,,,Core_eudicots/Asterids,Solanales,Ipomoea_coccinea,28523
QSLH,,,,,,,Core_eudicots/Asterids,Solanales,Ipomoea_hederacea,43178
OQBM,,,,,,,Core_eudicots/Asterids,Solanales,Ipomoea_indica,264526
NAUM,,,,,,,Core_eudicots/Asterids,Solanales,Ipomoea_lindheimeri,89649
IZNU,,,,,,,Core_eudicots/Asterids,Solanales,Ipomoea_lobata,89650
NHAG,,,,,,,Core_eudicots/Asterids,Solanales,Ipomoea_nil,35883
EMBR,,,,,,,Core_eudicots/Asterids,Solanales,Ipomoea_pubescens,264533
SDXI,VXKB,,,,,,Core_eudicots/Asterids,Solanales,Ipomoea_purpurea,4121
ALUC,,,,,,,Core_eudicots/Asterids,Solanales,Ipomoea_quamoclit,89660
,,,,,,Itinctoria_v1.1,Core_eudicots/Rosids,Brassicales,Isatis_tinctoria,
APTP,,,,,,,Ochrophyta_algae,Ectocarpales,Ishige_okamurai,233772
BAJW,,,,,,,Outgroup,Haptophyceae,Isochrysis_sp,40639
PYHZ,,,,,,,Lycophytes,Isoetales,Isoetes_sp,
PKOX,,,,,,,Lycophytes,Isoetales,Isoetes_tegetiformans,264945
UWFU,,,,,,,Core_eudicots,Saxifragales,Itea_virginica,23081
PTFA,,,,,,,Core_eudicots/Asterids,Ericales,Jacquinia_sp,85894
WTDE,,,,,,,Monocots/Commelinids,Asparagales,Johnsonia_pubescens,59105
WXNT,,,,,,Jascendens_v1.1,Monocots/Commelinids,Poales,Joinvillea_ascendens,38723
DXQW,,,,,,,Core_eudicots/Rosids,Fagales,Juglans_nigra,16719
CIEA,,,,,,,Monocots/Commelinids,Poales,Juncus_inflexus,318445
XMGP,,,,,,,Acrogymnospermae,Pinales,Juniperus_scopulorum,466205
NWMY,,,,,,,Basal_angiosperms,Austrobaileyales,Kadsura_heteroclite,124781
DRIL,,,,,,,Core_eudicots,Saxifragales,Kalanchoe_crenato,23013
,,,,,,Kfedtschenkoi_v1.1,Core_eudicots,Saxifragales,Kalanchoe_fedtschenkoi,
,,,,,,Klaxiflora_v1.1,Core_eudicots,Saxifragales,Kalanchoe_laxiflora,
KTWL,,,,,,,Core_eudicots/Asterids,Solanales,Kaliphora_madagascariensis,125030
IHJY,,,,,,,Rhodophyta_algae,Gigartinales,Kappaphycus_alvarezii,38544
TJQY,,,,,,,Core_eudicots/Rosids,Rosales,Kerria_japonica,120385
JUWL,,,,,,,Acrogymnospermae,Pinales,Keteleeria_evelyniana,123598
QKEI,XAYK,SVQC,,,,,Core_eudicots/Asterids,Lamiales,Kigelia_africana,70070
BCAA,,,,,,,Core_eudicots/Rosids,Sapindales,Kirkia_wilmsii,43703
RAPY,,,,,,,Ochrophyta_algae,Laminariales,Kjellmaniella_crassifolia,416830
FQLP,,,,,,,Charophyta_algae,Klebsormidiales,Klebsormidium_subtile,937591
WGET,,,,,,,Eudicots,Caryophyllales,Kochia_scoparia,83154
JOIS,,,,,,,Core_eudicots/Rosids,Brassicales,Koeberlinia_spinosa,28533
ZHMB,,,,,,,Core_eudicots/Rosids,Zygophyllales,Krameria_lanceolata,66689
MMJI,ZGDS,RFSD,,,,,Core_eudicots/Asterids,Asterales,Lactuca_graminifolia,883015
,,,,,,Lsativa_V8,Core_eudicots/Asterids,Asterales,Lactuca_sativa,
ZQWM,,,,,,,Acrogymnospermae,Pinales,Lagarostrobos_franklinii,56892
RJNQ,,,,,,,Core_eudicots/Rosids,Myrtales,Lagerstroemia_indica,141186
OGZM,QDTV,,,,,,Laminariales_algae,Laminariales,Laminaria_japonica,88149
PSHB,,,,,,,Core_eudicots/Asterids,Lamiales,Lantana_camara,126435
WVWN,,,,,,,Acrogymnospermae,Pinales,Larix_speciosa,193047
UDUT,,,,,,,Core_eudicots/Rosids,Zygophyllales,Larrea_tridentata,66636
KNMB,,,,,,,Core_eudicots/Rosids,Fabales,Lathyrus_sativus,3860
WAIL,,,,,,,Magnoliids,Laurales,Laurelia_sempervirens,63809
FYUH,,,,,,,Core_eudicots/Asterids,Lamiales,Lavandula_angustifolia,39329
ANON,,,,,,,Hornworts,Leiosporocerotales,Leiosporoceros_dussii,263836
CHJJ,,,,,,,Liverworts,Porellales,Lejeuneaceae_sp,95763
SMUR,,,,,,,Core_eudicots/Asterids,Boraginales,Lennoa_madreporoides,111108
DOVJ,,,,,,,Core_eudicots/Asterids,Asterales,Leontopodium_alpinum,49078
SNNC,,,,,,,Core_eudicots/Asterids,Lamiales,Leonurus_japonicus,4138
,,,,,,Lsativum_v1.1,Core_eudicots/Rosids,Brassicales,Lepidium_sativum,
WBIB,,,,,,,Monocots/Commelinids,Poales,Lepidosperma_gibsonii,1074902
ZNUM,,,,,,,Chlorophyta_algae,,Leptosira_obovata,53270
VMXJ,,,,,,,Bryophytes,Dicranales,Leucobryum_albidum,175169
RGKI,,,,,,,Bryophytes,Dicranales,Leucobryum_glaucum,94688
ZACW,,,,,,,Bryophytes,Hypnales,Leucodon_sciuroides,94541
WGTU,,,,,,,Leptosporangiate_Ferns,Polypodiales,Leucostegia_immersa,341474
HBUQ,,,,,,,Core_eudicots/Rosids,Malpighiales,Licania_michauxii,163927
MZLD,,,,,,,Core_eudicots/Asterids,Lamiales,Ligustrum_sinense,126438
THEW,,,,,,,Monocots/Commelinids,Liliales,Lilium_sargentiae,82329
CRNC,,,,,,,Core_eudicots/Rosids,Brassicales,Limnanthes_douglasii,28973
WOBD,,,,,,,Eudicots,Caryophyllales,Limonium_spectabile,63099
ZVFS,WUZV,EJCM,,,,philippensis,Core_eudicots/Asterids,Lamiales,Lindenbergia_philippensis,86093
KAYP,,,,,,,Magnoliids,Laurales,Lindera_benzoin,55958
NOKI,,,,,,,Leptosporangiate_Ferns,Polypodiales,Lindsaea_linearis,641179
YIXP,,,,,,,Leptosporangiate_Ferns,Polypodiales,Lindsaea_microphylla,641181
OODC,,,,,,,Core_eudicots/Rosids,Malpighiales,Linum_bienne,347648
AXPJ,,,,,,,Core_eudicots/Rosids,Malpighiales,Linum_flavum,407263
MYVH,,,,,,,Core_eudicots/Rosids,Malpighiales,Linum_grandiflorum,559336
HNCF,,,,,,,Core_eudicots/Rosids,Malpighiales,Linum_hirsutum,586379
AEPI,,,,,,,Core_eudicots/Rosids,Malpighiales,Linum_leonii,794874
BHYC,,,,,,,Core_eudicots/Rosids,Malpighiales,Linum_lewisii,586382
KCPT,,,,,,,Core_eudicots/Rosids,Malpighiales,Linum_macraei,586384
XWMS,LFII,BVOF,,,,,Core_eudicots/Rosids,Malpighiales,Linum_perenne,35941
TXMP,,,,,,,Core_eudicots/Rosids,Malpighiales,Linum_strictum,480357
VXOD,,,,,,,Core_eudicots/Rosids,Malpighiales,Linum_tenuifolium,586397
MJAV,POZS,OZJZ,OGSY,,,,Core_eudicots/Rosids,Malpighiales,Linum_usitatissimum,4006
LMVB,,,,,,,Core_eudicots,Saxifragales,Liquidambar_styraciflua,4400
WAXR,,,,,,,Core_eudicots/Rosids,Sapindales,Litchi_chinensis,151069
IZLO,,,,,,,Core_eudicots/Asterids,Asterales,Lobelia_siphilitica,330173
OFUE,,,,,,,Chlorophyta_algae,Chlamydomonadales,Lobochlamys_segnis,52035
JKKI,,,,,,,Chlorophyta_algae,Chlamydomonadales,Lobomonas_rostrata,1727150
MUMD,,,,,,,Monocots/Commelinids,Asparagales,Lomandra_longifolia,34201
VVRN,,,,,,,Leptosporangiate_Ferns,Polypodiales,Lonchitis_hirsuta,32095
GSZA,,,,,,,Core_eudicots/Asterids,Dipsacales,Lonicera_japonica,105884
CPKP,,,,,,,Eudicots,Caryophyllales,Lophophora_williamsii,130138
HQRJ,OMDH,,,,,,Core_eudicots,Saxifragales,Loropetalum_chinense,64118
,,,,,,Ljaponicus_Lj1.0v1,Core_eudicots/Rosids,Fabales,Lotus_japonicus,
VVVV,,,,,,,Monocots/Commelinids,Pandanales,Ludovia_sp,25921
,,,,,,Lannua_v1.1,Core_eudicots/Rosids,Brassicales,Lunaria_annua,
TXVB,,,,,,,Liverworts,Lunulariales,Lunularia_cruciata,56931
,,,,,,Lalbus_v1,Core_eudicots/Rosids,Fabales,Lupinus_albus,
TTRG,,,,,,,Core_eudicots/Rosids,Fabales,Lupinus_angustifolius,3871
CMFF,,,,,,,Core_eudicots/Rosids,Fabales,Lupinus_polyphyllus,3874
LWCK,,,,,,,Core_eudicots/Asterids,Solanales,Lycium_barbarum,112863
OSMU,,,,,,,Core_eudicots/Asterids,Solanales,Lycium_sp,24646
UGJI,,,,,,,Core_eudicots/Asterids,Solanales,Lycopersicon_cheesmanii,142759
ULKT,,,,,,,Lycophytes,Lycopodiales,Lycopodiella_appressa,1620140
ENQF,,,,,,,Lycophytes,Lycopodiales,Lycopodium_annotinum,13840
PQTO,,,,,,,Lycophytes,Lycopodiales,Lycopodium_deuterodensum,73627
PBUU,,,,,,,Leptosporangiate_Ferns,Schizaeales,Lygodium_japonicum,13824
DTOA,VKJD,,,,,,Core_eudicots/Asterids,Ericales,Maesa_lanceolata,992730
WBOD,,,,,,,Magnoliids,Magnoliales,Magnolia_grandiflora,3406
XFJG,,,,,,,Monocots/Commelinids,Asparagales,Maianthemum_canadense,416391
,,,,,,Mmaritima_v1.1,Core_eudicots/Rosids,Brassicales,Malcolmia_maritima,
COAQ,,,,,,,Core_eudicots/Rosids,Malpighiales,Malesherbia_fasciculata,129086
BOGT,,,,,,,Outgroup,Chrysophyta,Mallomonas_sp,2003107
VCIN,,,,,,,Core_eudicots/Rosids,Rosales,Malus_baccata,106549
,,,,,,Mdomestica_v1.1,Core_eudicots/Rosids,Rosales,Malus_domestica,
NFXV,,,,,,,Core_eudicots/Rosids,Malpighiales,Mammea_americana,198777
Manes_v4.1,,,,,,Mesculenta_v8.1,Core_eudicots/Rosids,Malpighiales,Manihot_esculenta,
XNLP,,,,,,,Core_eudicots/Rosids,Malpighiales,Manihot_grahamii,316880
BEFC,,,,,,,Core_eudicots/Asterids,Ericales,Manilkara_zapota,3741
CDFR,,,,,,,Acrogymnospermae,Pinales,Manoao_colensoi,120598
TKEK,,,,,,,Core_eudicots/Asterids,Lamiales,Mansoa_alliacea,353996
QXSZ,,,,,,,Chlorophyta_algae,Mamiellales,Mantoniella_squamata,13608
XPAF,,,,,,,Monocots/Commelinids,Poales,Mapania_palustris,1520884
JNUB,,,,,,,Monocots/Commelinids,Zingiberales,Maranta_leuconeura,34203
UGNK,,,,,,,Marattiales,Marattiales,Marattia_attenuata,167731
TFYI,,,,,,,Liverworts,Marchantiales,Marchantia_emarginata,179062
HMHL,IHWO,,,,,,Liverworts,Marchantiales,Marchantia_paleacea,56867
JPYU,,,,,,,Liverworts,Marchantiales,Marchantia_polymorpha,3197
EAAA,,,,,,,Core_eudicots/Asterids,Lamiales,Marrubium_vulgare,41230
JSAG,,,,,,,Monocots/Commelinids,Asparagales,Masdevallia_yuangensis,1526612
OAGK,,,,,,,Core_eudicots/Asterids,Asterales,Matricaria_matricarioides,56017
WEJN,,,,,,,Rhodophyta_algae,Gigartinales,Mazzaella_japonica,95356
,,,,,,Mtruncatula_Mt4.0v1,Core_eudicots/Rosids,Fabales,Medicago_truncatula,
WWQZ,,,,,,,Core_eudicots/Rosids,Myrtales,Medinilla_magnifica,1799599
UCRN,,,,,,,Hornworts,Dendrocerotales,Megaceros_flagellaris,263821
CAIX,VCCF,RJIM,,,,,Core_eudicots/Rosids,Sapindales,Melia_azedarach,155640
AALA,,,,,,,Eudicots,Proteales,Meliosma_cuneifolia,400539
TAGM,,,,,,,Core_eudicots/Asterids,Lamiales,Melissa_officinalis,39338
IXVJ,,,,,,,Core_eudicots/Asterids,Asterales,Menyanthes_trifoliata,28525
DKFZ,,,,,,,Core_eudicots/Asterids,Boraginales,Mertensia_paniculata,620842
KYIO,,,,,,,Charophyta_algae,Mesostigmatales,Mesostigma_viride,41882
WSJO,,,,,,,Charophyta_algae,Zygnematales,Mesotaenium_braunii,592041
HKZW,,,,,,,Charophyta_algae,Zygnematales,Mesotaenium_caldariorum,31321
WDCW,,,,,,,Charophyta_algae,Zygnematales,Mesotaenium_endlicherianum,184485
NBYP,,,,,,,Charophyta_algae,Zygnematales,Mesotaenium_kramstei,184486
NRXL,,,,,,,Acrogymnospermae,Pinales,Metasequoia_glyptostroboides,3371
NRWZ,,,,,,,Liverworts,Metzgeriales,Metzgeria_crassipilis,1408784
XQWC,,,,,,,Magnoliids,Magnoliales,Michelia_maudiae,86768
MCHJ,,,,,,,Charophyta_algae,Desmidiales,Micrasterias_fimbriata,184511
XQSG,,,,,,,Acrogymnospermae,Pinales,Microbiota_decussata,13614
MHGD,,,,,,,Acrogymnospermae,Pinales,Microcachrys_tetragona,56894
WHNV,,,,,,,Core_eudicots/Asterids,Lamiales,Micromeria_fruticosa,306389
,,,,,,MpusillaCCMP1545_v3.0,Chlorophyta_algae,Mamiellales,Micromonas_pusilla,
,,,,,,MspRCC299_v3.0,Chlorophyta_algae,Mamiellales,Micromonas_sp,
FOYQ,,,,,,,Chlorophyta_algae,Sphaeropleales,Microspora_tumidula,163316
YPIC,,,,,,,Monocots/Commelinids,Poales,Microstegium_vimineum,91518
BBDD,,,,,,,Acrogymnospermae,Pinales,Microstrobos_fitzgeraldii,56896
YNFJ,,,,,,,Eudicots,Caryophyllales,Microtea_debilis,696524
DXNY,ZDOF,,,,,,Chlorophyta_algae,Microthamniales,Microthamnion_kuetzigianum,34148
Mimgu_v2.0,,,,,,Mguttatus_v2.0,Core_eudicots/Asterids,Lamiales,Mimulus_guttatus,
DZRA,GQAV,JGAB,,,,,Eudicots,Caryophyllales,Mirabilis_jalapa,3538
,,,,,,Msinensis_v7.1,Monocots/Commelinids,Poales,Miscanthus_sinensis,
DAYQ,,,,,,,Core_eudicots,Saxifragales,Mitella_pentandra,40799
RNBN,,,,,,,Eudicots,Caryophyllales,Mollugo_cerviana,246224
CUVY,UNSW,SCAO,,,,,Eudicots,Caryophyllales,Mollugo_nudicaulis,764185
BZMI,HURS,KJAA,,,,,Eudicots,Caryophyllales,Mollugo_pentaphylla,254024
QASA,OFWX,NXTS,,,,,Eudicots,Caryophyllales,Mollugo_verticillata,3592
TFDQ,,,,,,,Liverworts,Marchantiales,Monoclea_gottschei,56937
BTFM,,,,,,,Chlorophyta_algae,Monomastigales,Monomastix_opisthostigma,687946
LRTN,,,,,,,Core_eudicots/Asterids,Ericales,Monotropa_uniflora,50148
CZPV,,,,,,,Core_eudicots/Rosids,Brassicales,Moringa_oleifera,3735
XVJB,,,,,,,Core_eudicots/Rosids,Rosales,Morus_nigra,85232
ZRMT,,,,,,,Charophyta_algae,Zygnematales,Mougeotia_sp,13157
ATFX,,,,,,,Core_eudicots/Rosids,Malvales,Muntingia_calabura,45164
Musac_v1.0,,,,,,Macuminata_v1,Monocots/Commelinids,Zingiberales,Musa_acuminata,
,,,,,,Mperfoliatum_v2.1,Core_eudicots/Rosids,Brassicales,Myagrum_perfoliatum,
AJFN,,,,,,,Core_eudicots/Asterids,Apiales,Myodocarpus_sp,127427
INSP,,,,,,,Core_eudicots/Rosids,Fagales,Myrica_cerifera,3510
IUSR,,,,,,,Core_eudicots,Saxifragales,Myriophyllum_aquaticum,208863
GSXD,,,,,,,Leptosporangiate_Ferns,Polypodiales,Myriopteris_eatonii,414609
GSXD,,,,,,,Leptosporangiate_Ferns,Polypodiales,Myriopteris_rufa,
OBPL,,,,,,,Magnoliids,Magnoliales,Myristica_fragrans,51089
UUJS,,,,,,,Acrogymnospermae,Pinales,Nageia_nagi,36012
YHFG,,,,,,,Eudicots,Ranunculales,Nandina_domestica,41776
MFYC,,,,,,,Chlorophyta_algae,Eustigmatales,Nannochloris_atomus,133490
JQFK,,,,,,,Chlorophyta_algae,,Nannochloropsis_oculata,133490
IQYY,XEUV,TRRQ,,,,,Monocots/Commelinids,Asparagales,Narcissus_viridiflorus,54863
TMAJ,,,,,,,Bryophytes,Hypnales,Neckera_douglasii,140378
Nelnu_v1.0,PZRT,,,,,,Eudicots,Proteales,Nelumbo_nucifera,
JDQB,,,,,,,Acrogymnospermae,Pinales,Neocallitropsis_pancheri,89193
EEJO,,,,,,,Chlorophyta_algae,Chlamydomonadales,Neochloris_oleoabundans,1127754
WQUF,,,,,,,Eudicots,Caryophyllales,Nepenthes_alata,4376
FUMQ,,,,,,,Core_eudicots/Asterids,Lamiales,Nepeta_cataria,39347
NWWI,,,,,,,Leptosporangiate_Ferns,Polypodiales,Nephrolepis_exaltata,
MMKU,,,,,,,Chlorophyta_algae,Nephroselmidales,Nephroselmis_olivace,31312
ISIM,,,,,,,Chlorophyta_algae,Nephroselmidales,Nephroselmis_pyriformis,156128
FFGR,,,,,,,Charophyta_algae,Zygnematales,Netrium_digitus,43946
ZENX,,,,,,,Monocots/Commelinids,Poales,Neurachne_alopecuroidea,463416
BPKH,,,,,,,Monocots/Commelinids,Poales,Neurachne_annularis,1198659
VQYB,,,,,,,Monocots/Commelinids,Poales,Neurachne_lanigera,1198662
BXAY,,,,,,,Monocots/Commelinids,Poales,Neurachne_minor,1198660
ZMGN,,,,,,,Monocots/Commelinids,Poales,Neurachne_munroi,4524
NNOK,,,,,,,Monocots/Commelinids,Poales,Neurachne_tenuifolia,4525
MKZR,,,,,,,Core_eudicots/Asterids,Solanales,Nicotiana_sylvestris,4096
ABCD,,,,,,,Bryophytes,Grimmiales,Niphotrichum_elongatum,71396
HOKG,,,,,,,Monocots/Commelinids,Asparagales,Nolina_atopocarpa,939154
RQZP,,,,,,,Monocots/Commelinids,Asparagales,Nolina_bigelorii,1315764
YPSN,,,,,,,Liverworts,Pelliales,Noteroclada_confluens,206544
DXOU,,,,,,,Hornworts,Anthocerotales,Nothoceros_aenigmaticus,13813
TCBC,,,,,,,Hornworts,Anthocerotales,Nothoceros_vincentianus,56934
TJLC,,,,,,,Core_eudicots/Rosids,Fagales,Nothofagus_obliqua,28948
YCKE,,,,,,,Leptosporangiate_Ferns,Polypodiales,Notholaena_montieliae,1182581
AREG,,,,,,,Acrogymnospermae,Pinales,Nothotsuga_longibracteata,123601
KMNX,,,,,,,Charophyta_algae,Zygnematales,Nucleotaenium_eifelense,592036
WTKZ,,,,,,,Basal_angiosperms,Nymphaeales,Nuphar_advena,77108
,,,,,,Ncolorata_v1.2b,Basal_angiosperms,Nymphaeales,Nymphaea_colorata,
PZRT,,,,,,,Basal_angiosperms,Nymphaeales,Nymphaea_sp,
NSPR,,,,,,,Monocots/Commelinids,Arecales,Nypa_fruticans,4718
VUSY,,,,,,,Core_eudicots/Asterids,Cornales,Nyssa_ogeche,16925
CQQP,,,,,,,Chlorophyta_algae,Ulvales,Ochlochaete_sp,262510
TVCU,,,,,,,Core_eudicots/Rosids,Malpighiales,Ochna_mossambicensis,473047
CKDK,,,,,,,Core_eudicots/Rosids,Malpighiales,Ochna_serrulata,56634
EBWI,,,,,,,Ochrophyta_algae,Chromulinales,Ochromonas_sp,1955567
YBQN,,,,,,,Liverworts,Jungermanniales,Odontoschisma_prostratum,526359
DVYE,,,,,,,Chlorophyta_algae,Oedogoniales,Oedogonium_cardiacu,55995
SDPC,,,,,,,Chlorophyta_algae,Oedogoniales,Oedogonium_foveolatum,321584
GVCB,,,,,,,Core_eudicots/Rosids,Myrtales,Oenothera_affinis,238280
EQYT,,,,,,,Core_eudicots/Rosids,Myrtales,Oenothera_berlandieri,690533
MLUJ,BZDF,DSVQ,DWAP,EXGW,FDBS,,Core_eudicots/Rosids,Myrtales,Oenothera_biennis,3942
KBRW,,,,,,,Core_eudicots/Rosids,Myrtales,Oenothera_clelandii,690534
AJBK,ROLB,,,,,,Core_eudicots/Rosids,Myrtales,Oenothera_elata,44456
IDAU,,,,,,,Core_eudicots/Rosids,Myrtales,Oenothera_elataHookeri,44456
NQWS,AXNH,ECSL,JYOB,,,,Core_eudicots/Rosids,Myrtales,Oenothera_filiformis,260694
JMJV,TGOP,PMTB,LHDP,,,,Core_eudicots/Rosids,Myrtales,Oenothera_gaura,260689
EBPG,ZINQ,REZJ,MJHP,HOOU,GZUR,,Core_eudicots/Rosids,Myrtales,Oenothera_grandiflora,49455
CHTD,WPUV,TAHF,SEMK,IMZV,EWHG,,Core_eudicots/Rosids,Myrtales,Oenothera_grandis,690536
AQXA,QBRF,ONZG,ICUS,DIBI,ARYD,,Core_eudicots/Rosids,Myrtales,Oenothera_laciniata,238288
HPNZ,,,,,,,Core_eudicots/Rosids,Myrtales,Oenothera_longituba,690540
CJGZ,,,,,,,Core_eudicots/Rosids,Myrtales,Oenothera_nana,690542
DZLN,,,,,,,Core_eudicots/Rosids,Myrtales,Oenothera_picensis,3946
YHLF,,,,,,,Core_eudicots/Rosids,Myrtales,Oenothera_rhombipetala,690548
FXJC,YIVZ,XSNO,UJGI,KFAL,,,Core_eudicots/Rosids,Myrtales,Oenothera_rosea,238298
SJAN,,,,,,,Core_eudicots/Rosids,Myrtales,Oenothera_serrulata,690550
GBGW,XZPP,XZAQ,UASK,TLCA,RLZU,,Core_eudicots/Rosids,Myrtales,Oenothera_speciosa,3953
JKNQ,,,,,,,Core_eudicots/Rosids,Myrtales,Oenothera_suffulta,260698
HKMQ,,,,,,,Core_eudicots/Rosids,Myrtales,Oenothera_villaricae,3941
TORX,,,,,,Oeuropaea_v1.0,Core_eudicots/Asterids,Lamiales,Olea_europaea,4146
PZBH,QJYX,,,,,,Chlorophyta_algae,Oltmannsiellopsidales,Oltmannsiellopsis_viridis,51324
CNTZ,,,,,,,Monocots/Commelinids,Asparagales,Oncidium_sphacelatum,48524
HTFH,,,,,,,Leptosporangiate_Ferns,Polypodiales,Onoclea_sensibilis,3281
GGWH,,,,,,,Charophyta_algae,Desmidiales,Onychonema_laeve,184512
XDLL,,,,,,,Chlorophyta_algae,Chlamydomonadales,Oogamochlamys_gigantea,158507
DJSE,,,,,,,Ferns,Ophioglossales,Ophioglossum_petiolatum,
WTJG,,,,,,,Ferns,Ophioglossales,Ophioglossum_vulgatum,37426
QAIR,,,,,,,Eudicots,Caryophyllales,Opuntia_sp,106975
LSKK,,,,,,,Monocots/Commelinids,Zingiberales,Orchidantha_maxillarioides,94321
UHBY,,,,,,,Core_eudicots,Saxifragales,Oresitrophe_rupifraga,159960
PHOQ,VYDM,VTOK,,,,,Core_eudicots/Asterids,Lamiales,Orobanche_fasciculata,48537
,,,,,,Othomaeum_v1.0,Monocots/Commelinids,Poales,Oropetium_thomaeum,
CMEQ,,,,,,,Bryophytes,Orthotrichales,Orthotrichum_lyellii,61563
Orysa_v7.0,,,,,,Osativa_v7.0,Monocots/Commelinids,Poales,Oryza_sativa,
VIBO,,,,,,,Leptosporangiate_Ferns,Osmundales,Osmunda_javanica,90695
UOMY,,,,,,,Leptosporangiate_Ferns,Osmundales,Osmunda_sp,3283
RFMZ,,,,,,,Leptosporangiate_Ferns,Osmundales,Osmundastrum_cinnamomeum,3284
,,,,,,Olucimarinus_v2.0,Chlorophyta_algae,Mamiellales,Ostreococcus_lucimarinus,
JHCN,,,,,,,Core_eudicots/Rosids,Oxalidales,Oxalis_sp,4034
GNPX,,,,,,,Core_eudicots/Asterids,Lamiales,Oxera_neriifolia,1775653
RTNA,,,,,,,Core_eudicots/Asterids,Lamiales,Oxera_pulchella,245855
HTIP,,,,,,,Core_eudicots,Saxifragales,Paeonia_lactiflora,35924
YFGP,,,,,,,Liverworts,Pallaviciniales,Pallavicinia_lyellii,56939
RYJX,,,,,,,Chlorophyta_algae,Chlamydomonadales,Pandorina_morum,33099
,,,,,,Phallii_v3.2,Monocots/Commelinids,Poales,Panicum_hallii,
SOHV,,,,,,,Monocots/Commelinids,Poales,Panicum_miliaceum,4540
,,,,,,Pvirgatum_v5.1,Monocots/Commelinids,Poales,Panicum_virgatum,
RRID,ZSNV,TMWO,SSDU,,,,Eudicots,Ranunculales,Papaver_bracteatum,215227
ACYX,QZBA,MVTX,IORZ,GMAM,BEKN,,Eudicots,Ranunculales,Papaver_rhoeas,33128
EPRK,STDO,QCOU,JSVC,FNXH,,,Eudicots,Ranunculales,Papaver_setigerum,215229
BMRX,SUFP,RQNK,MIKW,KKCW,FPYZ,,Eudicots,Ranunculales,Papaver_somniferum,3469
OVIJ,,,,,,,Acrogymnospermae,Pinales,Papuacedrus_papuana,103977
AKCR,,,,,,,Chlorophyta_algae,Chlorellales,Parachlorella_kessleri,3074
ZXJO,,,,,,,Leptosporangiate_Ferns,Polypodiales,Parahemionitis_cordata,1691969
XUAB,,,,,,,Monocots/Commelinids,Poales,Paraneurachne_muelleri,1056880
FAJB,,,,,,,Hornworts,Anthocerotales,Paraphymatoceros_hallii,1263704
JZVE,,,,,,,Acrogymnospermae,Pinales,Parasitaxus_usta,56899
,,,,,,Pvaginatum_v3.1,Monocots/Commelinids,Poales,Paspalum_vaginatum,
ZIWB,,,,,,,Core_eudicots/Rosids,Malpighiales,Passiflora,
SIZE,,,,,,,Core_eudicots/Rosids,Malpighiales,Passiflora_caerulea,159428
EZZT,,,,,,,Core_eudicots/Rosids,Malpighiales,Passiflora_edulis,78168
UMUL,,,,,,,Core_eudicots/Asterids,Lamiales,Paulownia_fargesii,1799609
LLEN,RFAD,NMAK,,,,,Outgroup,Haptophyceae,Pavlova_lutheri,2832
XKWQ,XTON,,,,,,Chlorophyta_algae,Sphaeropleales,Pediastrum_duplex,3105
RRSV,,,,,,,Chlorophyta_algae,Pedinomonadales,Pedinomonas_minor,3159
PUAN,,,,,,,Chlorophyta_algae,Pedinomonadales,Pedinomonas_tuberculata,160064
OBTI,,,,,,,Core_eudicots/Rosids,Sapindales,Peganum_harmala,43879
TCYS,,,,,,,Monocots/Commelinids,Asparagales,Peliosanthes_minor,261227
PIUF,,,,,,,Liverworts,Pelliales,Pellia_epiphylla,40340
JHFI,,,,,,,Liverworts,Pelliales,Pellia_neesiana,70144
YKFU,,,,,,,Core_eudicots,Saxifragales,Peltoboykinia_watanabei,1799611
YSQT,,,,,,,Charophyta_algae,Desmidiales,Penium_exiguum,226513
AEKF,,,,,,,Charophyta_algae,Desmidiales,Penium_margaritaceum,102169
SBZH,,,,,,,Core_eudicots/Asterids,Apiales,Pennantia_corymbosa,159371
XSZI,,,,,,,Magnoliids,Piperales,Peperomia_fraseri,352176
JLOV,,,,,,,Eudicots,Caryophyllales,Pereskia_aculeata,3597
WIGA,,,,,,,Magnoliids,Laurales,Persea_borbonia,3436
OAEZ,,,,,,,Chlorophyta_algae,Ulvales,Persursaria_percursa,153906
VRGZ,,,,,,,Outgroup,Outgroup,Petalonia_fascia,2893
AZBL,,,,,,,Eudicots,Caryophyllales,Petiveria_alliacea,46142
KRJP,,,,,,,Magnoliids,Laurales,Peumus_boldus,63812
YQIJ,,,,,,,Core_eudicots/Asterids,Boraginales,Phacelia_campanularia,79382
ZIVZ,,,,,,,Chlorophyta_algae,Chlamydomonadales,Phacotus_lenticularis,52965
RXRQ,WCZB,,,,,,Hornworts,Anthocerotales,Phaeoceros_carolinianus,185665
AKXB,,,,,,,Hornworts,Dendrocerotales,Phaeomegaceros_coriaceus,405431
,,,,,,Platifolius_v1.1,Monocots/Commelinids,Poales,Pharus_latifolius,
,,,,,,Pacutifolius_WLD_v2.0,Core_eudicots/Rosids,Fabales,Phaseolus_acutifolius,
,,,,,,Plunatus_V1,Core_eudicots/Rosids,Fabales,Phaseolus_lunatus,
Phavu_v1.0,,,,,,Pvulgaris_v2.1,Core_eudicots/Rosids,Fabales,Phaseolus_vulgaris,
AUIP,,,,,,,Core_eudicots/Asterids,Asterales,Phelline_lucida,92224
PGKL,,,,,,,Core_eudicots/Rosids,Sapindales,Phellodendron_amurense,68554
BTZX,,,,,,,Core_eudicots/Asterids,Cornales,Philadelphus_inodorus,23114
ORKS,,,,,,,Bryophytes,Bartramiales,Philonotis_fontana,67415
ZQYU,,,,,,,Leptosporangiate_Ferns,Polypodiales,Phlebodium_pseudoaureum,
WVMY,,,,,,,Core_eudicots/Asterids,Ericales,Phlox_drummondii,103529
FNEN,,,,,,,Core_eudicots/Asterids,Ericales,Phlox_sp,
HANM,,,,,,,Core_eudicots/Asterids,Boraginales,Pholisma_arenarium,48517
QKMG,,,,,,,Eudicots,Santalales,Phoradendron_serotinum,3970
FCEL,,,,,,,Monocots/Commelinids,Asparagales,Phormium_tenax,51475
DMIN,,,,,,,Monocots/Commelinids,Asparagales,Phycella_cyrtanthoides,1263224
MQIV,,,,,,,Core_eudicots/Asterids,Lamiales,Phyla_dulcis,542674
YGAT,,,,,,,Core_eudicots/Rosids,Malpighiales,Phyllanthus_sp,58880
JRNA,,,,,,,Acrogymnospermae,Pinales,Phyllocladus_hypophyllus,56900
ZZEI,,,,,,,Lycophytes,Lycopodiales,Phylloglossum_drummondii,70003
RPQV,,,,,,,Charophyta_algae,Desmidiales,Phymatodocis_nordstedtiana,184514
ORJE,,,,,,,Leptosporangiate_Ferns,Polypodiales,Phymatosorus_grossus,
Phypa_v3.0,,,,,,Ppatens_v3.3,Bryophytes,Funariales,Physcomitrella_patens,
YEPO,,,,,,,Bryophytes,Funariales,Physcomitrium_sp,37414
RUUB,,,,,,,Eudicots,Caryophyllales,Physena_madagascariensis,764924
SXCE,,,,,,,Core_eudicots/Rosids,Rosales,Physocarpus_opulifolius,133202
BKQU,,,,,,,Eudicots,Caryophyllales,Phytolacca_americana,3527
MRKX,,,,,,,Eudicots,Caryophyllales,Phytolacca_bogotensis,1580004
AWQB,,,,,,,Acrogymnospermae,Pinales,Picea_engelmannii,3334
TGNL,,,,,,,Chlorophyta_algae,Picocystales,Picocystis_salinarum,88271
ETCJ,,,,,,,Acrogymnospermae,Pinales,Pilgerodendron_uviferum,103979
NJJO,,,,,,,Core_eudicots/Rosids,Cucurbitales,Pilostyles_thunbergii,51500
KIIX,,,,,,,Leptosporangiate_Ferns,Salviniales,Pilularia_globulifera,49509
MXFG,,,,,,,Core_eudicots/Asterids,Lamiales,Pinguicula_agnata,192262
JCMU,,,,,,,Core_eudicots/Asterids,Lamiales,Pinguicula_caudata,1799615
MFTM,,,,,,,Acrogymnospermae,Pinales,Pinus_jeffreyi,55061
IIOL,,,,,,,Acrogymnospermae,Pinales,Pinus_parviflora,71644
JBND,,,,,,,Acrogymnospermae,Pinales,Pinus_ponderosa,55062
DZQM,,,,,,,Acrogymnospermae,Pinales,Pinus_radiata,3347
Pinta_v2.0,,,,,,,Acrogymnospermae,Pinales,Pinus_taeda,
MUNP,,,,,,,Magnoliids,Piperales,Piper_auritum,130385
NQYP,,,,,,,Chlorophyta_algae,Ulvales,Pirula_salina,97102
MFIN,,,,,,,Monocots/Commelinids,Alismatales,Pistia_stratiotes,4477
SALZ,,,,,,,Core_eudicots/Asterids,Apiales,Pittosporum_resiniferum,330643
NTEO,,,,,,,Core_eudicots/Asterids,Apiales,Pittosporum_sahnianum,1008928
UJTT,,,,,,,Leptosporangiate_Ferns,Polypodiales,Pityrogramma_trifoliata,164275
NWQC,,,,,,,Liverworts,Jungermanniales,Plagiochila_asplenioides,3195
UWOD,,,,,,,Leptosporangiate_Ferns,Cyatheales,Plagiogyria_japonica,32161
BGXB,,,,,,,Bryophytes,Bryales,Plagiomnium_insigne,259530
CBNG,,,,,,,Chlorophyta_algae,Ulotrichales,Planophila_laetevirens,173490
LETF,,,,,,,Chlorophyta_algae,Chaetopeltidales,Planophila_terrestris,51328
SNOX,,,,,,,Charophyta_algae,Zygnematales,Planotaenium_ohtanii,592037
YKZB,,,,,,,Core_eudicots/Asterids,Lamiales,Plantago_maritima,197809
PTBJ,,,,,,,Core_eudicots/Asterids,Lamiales,Plantago_virginica,113209
MTHW,,,,,,,Monocots/Commelinids,Asparagales,Platanthera_clavellata,1671328
VQFW,,,,,,,Eudicots,Proteales,Platanus_occidentalis,4403
BUWV,,,,,,,Acrogymnospermae,Pinales,Platycladus_orientalis,58046
IHPC,,,,,,,Core_eudicots/Asterids,Asterales,Platycodon_grandiflorus,94286
TPEM,,,,,,,Core_eudicots/Asterids,Asterales,Platyspermation_crassifolium,178798
UJWU,,,,,,,Leptosporangiate_Ferns,Polypodiales,Pleopeltis_polypodioides,104284
PRIQ,,,,,,,Chlorophyta_algae,Chlamydomonadales,Pleurastrum_insigne,34115
MOYY,,,,,,,Charophyta_algae,Desmidiales,Pleurotaenium_trabecul,130989
CGGO,,,,,,,Eudicots,Caryophyllales,Plumbago_auriculata,45172
SCEB,,,,,,,Acrogymnospermae,Pinales,Podocarpus_coriaceus,306135
XLGK,,,,,,,Acrogymnospermae,Pinales,Podocarpus_rubens,1030203
WFBF,,,,,,,Eudicots,Ranunculales,Podophyllum_peltatum,35933
GETL,,,,,,,Core_eudicots/Asterids,Lamiales,Pogostemon_sp,21861
QSKP,,,,,,,Core_eudicots/Rosids,Brassicales,Polanisia_trachysperma,377460
XMBA,,,,,,,Core_eudicots/Asterids,Lamiales,Poliomintha_bustamanta,1799617
RXEN,,,,,,,Eudicots,Caryophyllales,Polycarpaea_repens,1081590
OHAE,,,,,,,Core_eudicots/Rosids,Fabales,Polygala_lutea,174542
FYSJ,,,,,,,Eudicots,Caryophyllales,Polygonum_convolvulus,76029
YLJA,,,,,,,Leptosporangiate_Ferns,Polypodiales,Polypodium_amorphum,38355
CJNT,,,,,,,Leptosporangiate_Ferns,Polypodiales,Polypodium_glycyrrhiza,38390
GYFU,IXLH,,,,,,Leptosporangiate_Ferns,Polypodiales,Polypodium_hesperium,504004
ZQYU,,,,,,,Leptosporangiate_Ferns,Polypodiales,Polypodium_plectolens,253774
COBX,,,,,,,Core_eudicots/Asterids,Lamiales,Polypremum_procumbens,83689
EDBB,,,,,,,Core_eudicots/Asterids,Apiales,Polyscias_fruticosa,50308
XAXW,,,,,,,Rhodophyta_algae,Ceramiales,Polysiphonia_japonica,2608613
FQGQ,,,,,,,Leptosporangiate_Ferns,Polypodiales,Polystichum_acrostichoides,28470
SZYG,,,,,,,Bryophytes,Polytrichales,Polytrichum_commune,3213
,,,,,,Ptrifoliata_v1.3.1,Core_eudicots/Rosids,Sapindales,Poncirus_trifoliata,
,,,,,,PdeltoidesWV94_v2.1,Core_eudicots/Rosids,Malpighiales,Populus_deltoides,
Poptr_v3.0,,,,,,Ptrichocarpa_v4.1,Core_eudicots/Rosids,Malpighiales,Populus_trichocarpa,
KRUQ,,,,,,,Liverworts,Porellales,Porella_navicularis,269545
UUHD,,,,,,,Liverworts,Porellales,Porella_pinnata,56943
,,,,,,Pumbilicalis_v1.5,Rhodophyta_algae,Bangiales,Porphyra_umbilicalis,
ZULJ,,,,,,,Rhodophyta_algae,Bangiales,Porphyra_yezoensis,2788
OBUY,,,,,,,Rhodophyta_algae,Porphyridiales,Porphyridium_cruentum,35688
PVGP,,,,,,,Rhodophyta_algae,Porphyridiales,Porphyridium_purpureum,35688
QMUN,LDEL,LFQH,,,,Pamilis_v1.0,Eudicots,Caryophyllales,Portulaca_amilis,996330
LLQV,,,,,,,Eudicots,Caryophyllales,Portulaca_cryptopetala,
TMMR,VPCP,,,,,,Eudicots,Caryophyllales,Portulaca_cryptopetala,996332
CPLT,,,,,,,Eudicots,Caryophyllales,Portulaca_grandiflora,3583
BYNZ,,,,,,,Eudicots,Caryophyllales,Portulaca_mauii,860317
UQCB,,,,,,,Eudicots,Caryophyllales,Portulaca_molokaiensis,107596
CZJT,EZGR,TRLB,,,,,Eudicots,Caryophyllales,Portulaca_oleracea,46147
IWIS,,,,,,,Eudicots,Caryophyllales,Portulaca_pilosa,766930
GCYL,,,,,,,Eudicots,Caryophyllales,Portulaca_suffruticosa,1658738
KDCH,BYNZ,,,,,,Eudicots,Caryophyllales,Portulaca_umbraticola,860317
BYQM,,,,,,,Monocots/Commelinids,Alismatales,Posidonia_australis,55488
XMCL,,,,,,,Chlorophyta_algae,Prasinococcales,Prasinococcus_capsulatus,156131
HYHN,,,,,,,Prasinodermophyta_algae,Prasinodermales,Prasinoderma_coloniale,156133
WCLV,,,,,,,Chlorophyta_algae,Prasiolales,Prasiola_crispa,173492
PWKQ,,,,,,,Rhodophyta_algae,Gracilariales,Prionitis_divaricata,33673
TZJQ,,,,,,,Protist,Prorocentrales,Prorocentrum_micans,2945
IRZA,,,,,,,Outgroup,Outgroup,Proteomonas_sulcata,77928
BILC,,,,,,,Chlorophyta_algae,Chlorellales,Prototheca_wickerhamii,3111
EGLZ,,,,,,,Acrogymnospermae,Pinales,Prumnopitys_andina,120634
PHCE,,,,,,,Core_eudicots/Asterids,Lamiales,Prunella_vulgaris,39358
Prupe_v1.0,,,,,,Ppersica_v2.1,Core_eudicots/Rosids,Rosales,Prunus_persica,
NCVK,,,,,,,Core_eudicots/Rosids,Rosales,Prunus_prostrata,195662
LXRN,,,,,,,Outgroup,Haptophyceae,Prymnesium_parvum,97485
AQFM,,,,,,,Acrogymnospermae,Pinales,Pseudolarix_amabilis,3355
UPMJ,,,,,,,Lycophytes,Lycopodiales,Pseudolycopodiella_caroliniana,89042
JMTE,,,,,,,Chlorophyta_algae,,Pseudoscourfieldia_marina,41886
QKQO,,,,,,,Bryophytes,Hypnales,Pseudotaxiphyllum_elegans,186706
YLPM,,,,,,,Acrogymnospermae,Pinales,Pseudotaxus_chienii,89481
IOVS,,,,,,,Acrogymnospermae,Pinales,Pseudotsuga_menziesii,71408
IOVS,,,,,,,Acrogymnospermae,Pinales,Pseudotsuga_wilsoniana,
QVMR,,,,,,,Ferns,Psilotales,Psilotum_nudum,3240
DNQA,,,,,,,Core_eudicots/Asterids,Gentianales,Psychotria_douarrei,25443
BQEQ,ZSGF,JOPH,,,,,Core_eudicots/Asterids,Gentianales,Psychotria_ipecacuanha,77880
PCNH,,,,,,,Core_eudicots/Asterids,Gentianales,Psychotria_marginata,77886
FLTD,,,,,,,Leptosporangiate_Ferns,Polypodiales,Pteris_ensigormis,265700
POPJ,,,,,,,Leptosporangiate_Ferns,Polypodiales,Pteris_vittata,13821
LNIL,,,,,,,Chlorophyta_algae,Chlamydomonadales,Pteromonas_angulosa,77548
HPXA,,,,,,,Liverworts,Ptilidiales,Ptilidium_pulcherrimum,70216
ASZK,,,,,,,Outgroup,Outgroup,Punctaria_latifolia,90013
JROW,YNUE,YMUO,VUGF,QEBC,,,Core_eudicots/Rosids,Myrtales,Punica_granatum,22663
MXEZ,,,,,,,Chlorophyta_algae,Pseudoscourfieldiales,Pycnococcus_provasolii,41880
TNAW,,,,,,,Chlorophyta_algae,Pyramimonadales,Pyramimonas_parkeae,36894
QZZU,,,,,,,Core_eudicots/Asterids,Icacinales,Pyrenacantha_malvifolia,85255
IKFD,,,,,,,Core_eudicots/Rosids,Sapindales,Quassia_amara,43725
,,,,,,Qrubra_v2.1,Core_eudicots/Rosids,Fagales,Quercus_rubra,
HENI,,,,,,,Core_eudicots/Rosids,Fagales,Quercus_shumardii,262619
OQHZ,,,,,,,Core_eudicots/Rosids,Fabales,Quillaja_saponaria,32244
RDOO,,,,,,,Bryophytes,Grimmiales,Racomitrium_varium,1286318
BNCU,,,,,,,Liverworts,Porellales,Radula_lindenbergiana,697108
QEHE,,,,,,,Core_eudicots/Asterids,Gentianales,Rauvolfia_tetraphyla,545371
EBWI,,,,,,,Outgroup,Haptophyceae,Rebecca_salina,
OWAS,,,,,,,Core_eudicots/Asterids,Lamiales,Rehmannia_glutinosa,99300
SWPE,,,,,,,Core_eudicots/Rosids,Brassicales,Reseda_odorata,415819
VGSX,,,,,,,Acrogymnospermae,Pinales,Retrophyllum_minus,58045
WVEF,,,,,,,Core_eudicots/Rosids,Rosales,Rhamnus_caroliniana,280013
EILE,,,,,,,Core_eudicots/Rosids,Rosales,Rhamnus_japonica,860326
ZTLR,,,,,,,Core_eudicots/Rosids,Malpighiales,Rhizophora_mangle,40031
RTLC,,,,,,,Rhodophyta_algae,Rhodellales,Rhodella_violacea,2801
ZJUL,,,,,,,Core_eudicots,Saxifragales,Rhodiola_rosea,203015
JJZR,,,,,,,Rhodophyta_algae,Rhodochaetales,Rhodochaete_parvula,110510
WXVX,,,,,,,Core_eudicots/Asterids,Ericales,Rhododendron_groenlandicum,49170
PPPZ,,,,,,,Core_eudicots/Asterids,Ericales,Rhododendron_scopulorum,1799620
IAYV,,,,,,,Outgroup,Outgroup,Rhodomonas_sp,77929
JDTY,,,,,,,Monocots/Commelinids,Asparagales,Rhodophiala_pratensis,1263231
YUOM,,,,,,,Core_eudicots/Rosids,Sapindales,Rhus_radicans,43853
JADL,,,,,,,Bryophytes,Hypnales,Rhynchostegium_serrulatum,283383
WSPM,,,,,,,Bryophytes,Hypnales,Rhytidiadelphus_loreus,94452
SYHW,,,,,,,Core_eudicots,Saxifragales,Ribes_giraldii,175200
WJLO,,,,,,,Liverworts,Marchantiales,Riccia_berychiana,53035
PAZJ,,,,,,Rcommunis_v0.1,Core_eudicots/Rosids,Malpighiales,Ricinus_communis,3988
HUSX,,,,,,,Core_eudicots/Asterids,Ericales,Roridula_gorgonias,3772
,,,,,,Rislandica_v1.1,Core_eudicots/Rosids,Brassicales,Rorippa_islandica,
IANR,,,,,,,Core_eudicots/Rosids,Rosales,Rosa_palustris,267247
FDMM,,,,,,,Core_eudicots/Asterids,Lamiales,Rosmarinus_officinalis,39367
XWHK,,,,,,,Bryophytes,Bryales,Rosulabryum_capillare,
XRTZ,,,,,,,Charophyta_algae,Zygnematales,Roya_obtusa,104537
AYIY,,,,,,,Core_eudicots/Asterids,Lamiales,Ruellia_brittoniana,440931
LSJW,,,,,,,Monocots/Commelinids,Asparagales,Ruscus_sp,59066
HWUP,,,,,,,Monocots/Commelinids,Arecales,Sabal_bermudana,115515
SRSQ,,,,,,,Outgroup,Outgroup,Saccharina_japonica,
RAPY,,,,,,,Outgroup,Outgroup,Saccharina_sculpera,
DWZT,,,,,,,Monocots/Commelinids,Alismatales,Sagittaria_latifolia,15008
RWKR,,,,,,,Core_eudicots/Asterids,Lamiales,Saintpaulia_ionantha,85262
INQX,,,,,,,Core_eudicots/Rosids,Malpighiales,Salix_acutifolia,1233969
IEPQ,,,,,,,Core_eudicots/Rosids,Malpighiales,Salix_dasyclados,77061
GLVK,,,,,,,Core_eudicots/Rosids,Malpighiales,Salix_eriocephala,285592
RZTJ,,,,,,,Core_eudicots/Rosids,Malpighiales,Salix_fargesii,439899
LFOG,,,,,,Spurpurea_v5.1,Core_eudicots/Rosids,Malpighiales,Salix_purpurea,77065
TDTF,,,,,,,Core_eudicots/Rosids,Malpighiales,Salix_sachalinensis,75718
KKDQ,,,,,,,Core_eudicots/Rosids,Malpighiales,Salix_viminalis,40686
RTTY,,,,,,,Core_eudicots/Rosids,Brassicales,Salvadora_sp,4325
EQDA,,,,,,,Core_eudicots/Asterids,Lamiales,Salvia_spp,21880
QRNU,ZJRC,SNBI,,,,,Core_eudicots/Asterids,Dipsacales,Sambucus_canadensis,57008
NBMW,,,,,,,Core_eudicots/Asterids,Lamiales,Sanchezia_sp,24028
XHKT,,,,,,,Eudicots,Ranunculales,Sanguinaria_canadensis,3472
QNOC,,,,,,,Core_eudicots/Rosids,Rosales,Sanguisorba_minor,137456
MVRF,,,,,,,Monocots/Commelinids,Asparagales,Sansevieria_trifasciata,39534
RSPO,,,,,,,Eudicots,Santalales,Santalum_acuminatum,453076
SKNL,,,,,,,Eudicots,Caryophyllales,Saponaria_officinalis,3572
OSHQ,,,,,,,Basal_angiosperms,Chloranthales,Sarcandra_glabra,92927
GIWN,,,,,,,Eudicots,Caryophyllales,Sarcobatus_vermiculatus,46107
SERM,,,,,,,Core_eudicots/Asterids,Ericales,Sarcodes_sanguinea,4351
LDRY,,,,,,,Outgroup,Outgroup,Sargassum_fusiforme,
VYER,,,,,,,Outgroup,Outgroup,Sargassum_hemiphyllum,127544
FIKG,,,,,,,Outgroup,Outgroup,Sargassum_henslowianum,703908
RWXW,,,,,,,Outgroup,Outgroup,Sargassum_horneri,74089
FOMH,,,,,,,Outgroup,Outgroup,Sargassum_integerrimum,1159339
JGGD,,,,,,,Outgroup,Outgroup,Sargassum_muticum,74468
YRMA,,,,,,,Outgroup,Outgroup,Sargassum_thunbergii,127542
HFIK,,,,,,,Outgroup,Outgroup,Sargassum_vachellianum,1155129
QDVW,,,,,,,Magnoliids,Piperales,Saruma_henryi,13258
ABSS,,,,,,,Magnoliids,Laurales,Sassafras_albidum,46945
OPDF,,,,,,,Magnoliids,Piperales,Saururus_cernuus,13260
QCGM,,,,,,,Acrogymnospermae,Pinales,Saxegothaea_conspicua,56905
FCBJ,,,,,,,Core_eudicots,Saxifragales,Saxifraga_stolonifera,182070
HUQC,,,,,,,Core_eudicots/Asterids,Asterales,Scaevola_mossambicensis,16480
IRBN,,,,,,,Liverworts,Jungermanniales,Scapania_nemorosa,41848
PZIF,,,,,,,Chlorophyta_algae,Sphaeropleales,Scenedesmus_dimorphus,119574
EEAQ,,,,,,,Ferns,Ophioglossales,Sceptridium_dissectum,93613
FMVB,,,,,,,Chlorophyta_algae,Chlorodendrales,Scherffelia_dubia,3190
OLES,,,,,,,Eudicots,Caryophyllales,Schiedea_membranacea,270404
LGOW,,,,,,,Liverworts,Jungermanniales,Schistochila_sp,95791
WMUK,,,,,,,Core_eudicots/Rosids,Malvales,Schizolaena_sp,1799627
GAKQ,WOHL,,,,,,Core_eudicots/Asterids,Lamiales,Schlegelia_parasitica,1799629
EDXZ,,,,,,,Core_eudicots/Asterids,Lamiales,Schlegelia_violacea,882113
,,,,,,Sparvula_v2.2,Core_eudicots/Rosids,Brassicales,Schrenkiella_parvula,
IGUH,,,,,,,Bryophytes,Hypnales,Schwetschkeopsis_fabronia,129283
YFZK,,,,,,,Acrogymnospermae,Pinales,Sciadopitys_verticillata,28979
BPSG,,,,,,,Bryophytes,Grimmiales,Scouleria_aquatica,67421
EGNB,,,,,,,Chlorophyta_algae,Scourfieldiales,Scourfieldia_sp,163104
ATYL,,,,,,,Core_eudicots/Asterids,Lamiales,Scutellaria_montana,1799630
ULXR,,,,,,,Ochrophyta_algae,Ectocarpales,Scytosiphon_dotyo,180438
JCXF,,,,,,,Ochrophyta_algae,Ectocarpales,Scytosiphon_lomentaria,27967
ZYCD,,,,,,,Lycophytes,Selaginellales,Selaginella_acanthonota,1715361
LGDQ,,,,,,,Lycophytes,Selaginellales,Selaginella_apoda,39585
ZFGK,,,,,,,Lycophytes,Selaginellales,Selaginella_kraussiana,81964
ABIJ,,,,,,,Lycophytes,Selaginellales,Selaginella_lepidophylla,59777
ZZOL,,,,,,Smoellendorffii_v1.0,Lycophytes,Selaginellales,Selaginella_moellendorffii,137175
KUXM,,,,,,,Lycophytes,Selaginellales,Selaginella_selaginoides,69996
JKAA,,,,,,,Lycophytes,Selaginellales,Selaginella_wallacei,189577
KJYC,,,,,,,Lycophytes,Selaginellales,Selaginella_willdenowii,137179
BMSE,,,,,,,Core_eudicots/Asterids,Asterales,Senecio_rowleyanus,189246
KZED,,,,,,,Core_eudicots/Rosids,Fabales,Senna_hebecarpa,1582321
HBGV,,,,,,,Acrogymnospermae,Pinales,Sequoia_sempervirens,28980
QFAE,,,,,,,Acrogymnospermae,Pinales,Sequoiadendron_giganteum,99814
HXJE,,,,,,,Monocots/Commelinids,Arecales,Serenoa_repens,4722
HZTS,,,,,,,Eudicots,Caryophyllales,Sessuvium_portulacastrum,221166
OPZX,EDIT,ZJDK,,,,,Eudicots,Caryophyllales,Sesuvium_verrucosum,115629
,,,,,,Sitalica_v2.2,Monocots/Commelinids,Poales,Setaria_italica,
,,,,,,Sviridis_v2.1,Monocots/Commelinids,Poales,Setaria_viridis,
OXYP,,,,,,,Core_eudicots/Asterids,Ericales,Sideroxylon_reclinatum,233751
FZQN,,,,,,,Eudicots,Caryophyllales,Silene_latifolia,37657
EYKJ,,,,,,,Core_eudicots/Asterids,Asterales,Silybum_marianum,92921
CVDF,,,,,,,Eudicots,Caryophyllales,Simmondsia_chinensis,3999
VMNH,,,,,,Salba_v3.1,Core_eudicots/Rosids,Brassicales,Sinapis_alba,3728
DTNC,,,,,,,Core_eudicots/Asterids,Lamiales,Sinningia_tuberosa,189042
AXBO,,,,,,,Core_eudicots/Asterids,Ericales,Sinojackia_xylocarpa,168123
PYDB,,,,,,,Rhodophyta_algae,Halymeniales,Sinotubimorpha_guangdongensis,118369
LTZF,,,,,,,Monocots/Commelinids,Asparagales,Sisyrinchium_angustifolium,244039
MWYQ,,,,,,,Monocots/Commelinids,Liliales,Smilax_bonaNox,50510
GHLP,,,,,,,Core_eudicots/Asterids,Solanales,Solanum_dulcamara,45834
DLAI,,,,,,,Core_eudicots/Asterids,Solanales,Solanum_lasiophyllum,374014
Solly_iTAGv2.3,,,,,,Slycopersicum_ITAG4.0,Core_eudicots/Asterids,Solanales,Solanum_lycopersicum,
DLJZ,,,,,,,Core_eudicots/Asterids,Solanales,Solanum_ptychanthum,45838
NMDZ,,,,,,,Core_eudicots/Asterids,Solanales,Solanum_sisymbriifolium,205582
,,,,,,Stuberosum_v6.1,Core_eudicots/Asterids,Solanales,Solanum_tuberosum,
LQJY,,,,,,,Core_eudicots/Asterids,Solanales,Solanum_xanthocarpum,223891
BAHE,,,,,,,Core_eudicots/Asterids,Lamiales,Solenostemon_scutellarioides,4142
TEZA,,,,,,,Core_eudicots/Asterids,Asterales,Solidago_canadensis,59297
BLVL,,,,,,,Core_eudicots/Rosids,Rosales,Sorbus_koehneana,691237
Sorbi_v2.1,,,,,,Sbicolor_v3.1.1,Monocots/Commelinids,Poales,Sorghum_bicolor,
BNTL,,,,,,,Core_eudicots/Asterids,Ericales,Souroubea_exauriculata,164987
TJES,,,,,,,Eudicots,Caryophyllales,Spergularia_media,545670
MXDS,,,,,,,Chlorophyta_algae,Chlamydomonadales,Spermatozopsis_exsultans,1108794
ENAU,,,,,,,Chlorophyta_algae,Chlamydomonadales,Spermatozopsis_similis,3192
HERT,,,,,,,Liverworts,Sphaerocarpales,Sphaerocarpos_texanus,37410
,,,,,,Smagellanicum_v1.1,Bryophytes,Sphagnales,Sphagnum magellanicum,
,,,,,,Sfallax_v1.1,Bryophytes,Sphagnales,Sphagnum_fallax,
GOWD,,,,,,,Bryophytes,Sphagnales,Sphagnum_lescurii,128211
RCBT,,,,,,,Bryophytes,Sphagnales,Sphagnum_palustre,13805
UHLI,,,,,,,Bryophytes,Sphagnales,Sphagnum_recurvum,81808
,,,,,,Soleracea_Spov3,Eudicots,Caryophyllales,Spinacia_oleracea,
Spipo_v2,,,,,,Spolyrhiza_v2,Monocots/Commelinids,Alismatales,Spirodela_polyrhiza,
HAOX,,,,,,,Charophyta_algae,Zygnematales,Spirogyra_sp,3181
NNHQ,,,,,,,Chlorophyta_algae,Spirotaenia,Spirotaenia_minuta,1408785
VYGG,,,,,,,Core_eudicots/Rosids,Crossosomatales,Stachyurus_praecox,85277
MFEA,,,,,,,Core_eudicots/Rosids,Celastrales,Stackhousia_spathulata,50537
KAWQ,,,,,,,Acrogymnospermae,Cycadales,Stangeria_eriopus,34343
,,,,,,Spinnata_v1.1,Core_eudicots/Rosids,Brassicales,Stanleya_pinnata,
PTLU,,,,,,,Core_eudicots/Rosids,Crossosomatales,Staphylea_trifolia,85280
ISHC,,,,,,,Charophyta_algae,Desmidiales,Staurastrum_sebaldi,292362
WCQU,,,,,,,Charophyta_algae,Desmidiales,Staurodesmus_convergens,266103
RPRU,,,,,,,Charophyta_algae,Desmidiales,Staurodesmus_omearii,292379
VBHQ,,,,,,,Monocots/Commelinids,Pandanales,Stemona_tuberosa,167572
ZLQE,,,,,,,Chlorophyta_algae,Chlamydomonadales,Stephanosphaera_pluvialis,51712
LNSF,,,,,,,Bryophytes,Hypnales,Stereodon_subimponens,
WXRI,,,,,,,Chlorophyta_algae,Prasiolales,Stichococcus_bacillaris,37433
JMUI,,,,,,,Chlorophyta_algae,Chaetophorales,Stigeoclonium_helveticum,55999
UOEL,,,,,,,Monocots/Commelinids,Zingiberales,Strelitzia_reginae,255355
WEAC,,,,,,,Core_eudicots/Asterids,Lamiales,Strobilanthes_dyeriana,34267
GGJD,,,,,,,Core_eudicots/Asterids,Gentianales,Strychnos_spinosa,99302
FXGI,,,,,,,Core_eudicots/Asterids,Asterales,Stylidium_adnatum,482951
KLGF,,,,,,,Acrogymnospermae,Pinales,Sundacarpus_amarus,120640
CAQZ,,,,,,,Core_eudicots/Asterids,Dipsacales,Symphoricarpos_sp,13701
UYFR,,,,,,,Rhodophyta_algae,Ceramiales,Symphyocladia_latiuscula,396806
JPDJ,,,,,,,Core_eudicots/Asterids,Ericales,Symplocos_tinctoria,98319
WRPP,,,,,,,Core_eudicots/Asterids,Ericales,Synsepalum_dulcificum,3743
GRKU,,,,,,,Bryophytes,Pottiales,Syntrichia_princeps,487417
DBYD,,,,,,,Outgroup,Chrysophyta,Synura_petersenii,52555
VKVG,,,,,,,Outgroup,Chrysophyta,Synura_sp,2003110
NEBM,,,,,,,Core_eudicots/Rosids,Myrtales,Syzygium_macranthum,1799633
FGDU,,,,,,,Core_eudicots/Rosids,Myrtales,Syzygium_paniculatum,219897
UTQR,,,,,,,Core_eudicots/Asterids,Lamiales,Tabebuia_umbellata,1799634
QSNJ,,,,,,,Acrogymnospermae,Pinales,Taiwania_cryptomerioides,50187
SKQD,,,,,,,Bryophytes,Takakiales,Takakia_lepidozioides,37425
SILJ,,,,,,,Monocots/Commelinids,Pandanales,Talbotia_elegans,72649
LKKX,,,,,,,Eudicots,Caryophyllales,Talinum_sp,107600
HTDC,,,,,,,Eudicots,Caryophyllales,Tamarix_chinensis,189791
DUQG,,,,,,,Core_eudicots/Asterids,Asterales,Tanacetum_parthenium,127999
WWKL,,,,,,,Core_eudicots/Rosids,Huerteales,Tapiscia_sinensis,112844
FHST,,,,,,,Acrogymnospermae,Pinales,Taxodium_distichum,28982
WWSS,,,,,,,Acrogymnospermae,Pinales,Taxus_baccata,25629
ZYAX,,,,,,,Acrogymnospermae,Pinales,Taxus_cuspidata,99806
CTSS,,,,,,,Core_eudicots,Saxifragales,Tellima_breviflora,1799635
AJJE,,,,,,,Core_eudicots/Rosids,Myrtales,Terminalia_neotaliala,1799636
NGRR,,,,,,,Core_eudicots/Asterids,Ericales,Ternstroemia_gymnanthera,107827
CGDN,,,,,,,Acrogymnospermae,Pinales,Tetraclinis_sp,13716
HVBQ,,,,,,,Bryophytes,Tetraphidales,Tetraphis_pellucida,37420
HVNO,,,,,,,Chlorophyta_algae,Chlorodendrales,Tetraselmis_chui,63592
DUMA,,,,,,,Chlorophyta_algae,Chlorodendrales,Tetraselmis_cordiformis,426497
HHXJ,,,,,,,Chlorophyta_algae,Chlorodendrales,Tetraselmis_striata,3165
BBBA,,,,,,,Core_eudicots/Rosids,Vitales,Tetrastigma_obtectum,345136
SZPD,,,,,,,Core_eudicots/Rosids,Vitales,Tetrastigma_voinierianum,345143
SWGX,,,,,,,Core_eudicots/Rosids,Myrtales,Tetrazygia_bicolor,263337
LRRR,,,,,,,Core_eudicots/Asterids,Lamiales,Teucrium_chamaedrys,53176
GBVZ,,,,,,,Eudicots,Ranunculales,Thalictrum_thalictroides,46969
MROH,,,,,,,Leptosporangiate_Ferns,Polypodiales,Thelypteris_acuminata,65714
Theca_v1.1,,,,,,,Core_eudicots/Rosids,Malvales,Theobroma_cacao,
,,,,,,Tintermedium_v2.1,Monocots/Commelinids,Poales,Thinopyrum_intermedium,
AXAF,,,,,,,Core_eudicots/Rosids,Cucurbitales,Thladiantha_villosula,1045188
,,,,,,Tarvense_v1.1,Core_eudicots/Rosids,Brassicales,Thlaspi_arvense,
EEMJ,,,,,,,Bryophytes,Hypnales,Thuidium_delicatulum,94606
VFYZ,,,,,,Tplicata_v3.1,Acrogymnospermae,Pinales,Thuja_plicata,3316
NKIN,,,,,,,Acrogymnospermae,Pinales,Thujopsis_dolabrata,13727
IYDF,,,,,,,Core_eudicots/Asterids,Lamiales,Thymus_vulgaris,49992
XBKS,,,,,,,Monocots/Commelinids,Poales,Thyridolepis_mitchelliana,1042618
WCOR,,,,,,,Monocots/Commelinids,Poales,Thyridolepis_multiculmis,1056942
EWXK,,,,,,,Leptosporangiate_Ferns,Cyatheales,Thyrsopteris_elegans,361528
SLOI,,,,,,,Core_eudicots,Saxifragales,Tiarella_polyphylla,61222
ZQRI,,,,,,,Bryophytes,Timmiales,Timmia_austriaca,108613
ALVQ,,,,,,,Ferns,Psilotales,Tmesipteris_parva,1498955
HQOM,,,,,,,Acrogymnospermae,Pinales,Torreya_nucifera,50189
EFMS,,,,,,,Acrogymnospermae,Pinales,Torreya_taxifolia,156149
KFZY,,,,,,,Core_eudicots/Asterids,Asterales,Tragopogon_castellanus,261642
DDRL,,,,,,,Core_eudicots/Asterids,Asterales,Tragopogon_dubius,45322
KGJF,,,,,,,Core_eudicots/Asterids,Asterales,Tragopogon_porrifolius,13731
FUPX,,,,,,,Core_eudicots/Asterids,Asterales,Tragopogon_pratensis,41653
ZKPF,,,,,,,Monocots/Commelinids,Asparagales,Traubia_modesta,112580
NKXU,,,,,,,Chlorophyta_algae,Trebouxiales,Trebouxia_arboricola,53268
NATT,,,,,,,Chlorophyta_algae,Trentepohliales,Trentepohlia_annulata,374116
TNVE,OMYK,QNIK,,,,,Eudicots,Caryophyllales,Trianthema_portulacastrum,3548
KVAY,,,,,,,Core_eudicots/Rosids,Zygophyllales,Tribulus_eichlerianus,66647
,,,,,,Tpratense_v2,Core_eudicots/Rosids,Fabales,Trifolium_pratense,
COCP,,,,,,,Monocots/Commelinids,Alismatales,Triglochin_maritima,55501
YXNR,,,,,,,Monocots/Commelinids,Poales ,Triodia_bynoei,751725
,,,,,,Taestivum_v2.2,Monocots/Commelinids,Poales,Triticum_aestivum,
SWOH,,,,,,,Eudicots,Trochodendrales,Trochodendron_aralioides,4407
MYZV,,,,,,,Core_eudicots/Rosids,Brassicales,Tropaeolum_peregrinum,147028
GAMH,,,,,,,Acrogymnospermae,Pinales,Tsuga_heterophylla,3359
PPQR,,,,,,,Monocots/Commelinids,Poales,Typha_angustifolia,59011
BRUD,,,,,,,Monocots/Commelinids,Poales,Typha_latifolia,4733
YMES,,,,,,,Monocots/Commelinids,Alismatales,Typhonium_blumei,228855
CQMG,,,,,,,Core_eudicots/Rosids,Rosales,Ulmus_alata,24736
ZRIN,,,,,,,Core_eudicots/Asterids,Lamiales,Uncarina_grandidieri,4184
FIDQ,,,,,,,Outgroup,Outgroup,Undaria_pinnatifida,74381
RCAH,YLWW,,,,,,Monocots/Commelinids,Poales,Uniola_paniculata,110913
KOFB,,,,,,,Monocots/Commelinids,Asparagales,Urginea_maritima,82070
,,,,,,Ufusca_v1.1,Monocots/Commelinids,Poales,Urochloa_fusca,
RAWF,,,,,,,Chlorophyta_algae,Chaetophorales,Uronema_belka,104536
WKCY,,,,,,,Core_eudicots/Rosids,Rosales,Urtica_dioica,3501
HRUR,,,,,,,Core_eudicots/Asterids,Lamiales,Utricularia_sp,13747
PSJT,,,,,,,Magnoliids,Magnoliales,Uvaria_microcarpa,174978
,,,,,,Vdarrowii_v1.2,Core_eudicots/Asterids,Ericales,Vaccinium_darrowii,
FFFY,,,,,,,Core_eudicots/Asterids,Dipsacales,Valeriana_officinalis,19953
THDM,,,,,,,Monocots/Commelinids,Asparagales,Vanilla_planifolia,51239
XXYA,,,,,,,Core_eudicots/Asterids,Lamiales,Verbascum_sp,39257
GCFE,,,,,,,Core_eudicots/Asterids,Lamiales,Verbena_hastata,443381
HLJG,,,,,,,Core_eudicots/Asterids,Dipsacales,Viburnum_odoratissimum,237951
,,,,,,Vunguiculata_v1.2,Core_eudicots/Rosids,Fabales,Vigna_unguiculata,
NJLF,,,,,,,Core_eudicots/Rosids,Malpighiales,Viola_canadensis,97421
LPGY,,,,,,,Core_eudicots/Rosids,Malpighiales,Viola_tricolor,214053
DMLT,,,,,,,Core_eudicots/Asterids,Lamiales,Vitex_agnusCastus,54477
Vitvi_Genoscope.12X,,,,,,Vvinifera_v2.1,Core_eudicots/Rosids,Vitales,Vitis_vinifera,
QWRA,,,,,,,Chlorophyta_algae,Chlamydomonadales,Vitreochlamys_sp,78181
NDUV,,,,,,,Leptosporangiate_Ferns,Polypodiales,Vittaria_appalachiana,57323
SKYV,,,,,,,Leptosporangiate_Ferns,Polypodiales,Vittaria_lineata,38538
JWGT,WRSL,,,,,,Chlorophyta_algae,Chlamydomonadales,Volvox_aureus,47287
,,,,,,Vcarteri_v2.1,Chlorophyta_algae,Chlamydomonadales,Volvox_carteri,
ISPU,,,,,,,Chlorophyta_algae,Chlamydomonadales,Volvox_globator,51718
TOXE,,,,,,,Acrogymnospermae,Gnetales,Welwitschia_mirabilis,3377
AUDE,,,,,,,Acrogymnospermae,Pinales,Widdringtonia_cedarbergensis,13760
RMWJ,,,,,,,Core_eudicots/Rosids,Fabales,Wisteria_floribunda,3922
RSCE,,,,,,,Acrogymnospermae,Pinales,Wollemia_nobilis,56998
YQEC,,,,,,,Leptosporangiate_Ferns,Polypodiales,Woodsia_ilvensis,872911
YJJY,,,,,,,Leptosporangiate_Ferns,Polypodiales,Woodsia_scopulina,1498956
EDEQ,,,,,,,Core_eudicots/Asterids,Gentianales,Wrightia_natalensis,992810
ZSSR,,,,,,,Core_eudicots/Asterids,Fabales,Xanthicercis_zambesiaca,53932
GBGT,,,,,,,Charophyta_algae,Desmidiales,Xanthidium_antilopaeum,184534
UBLN,,,,,,,Core_eudicots/Asterids,Asterales,Xanthium_strumarium,318068
SART,,,,,,,Monocots/Commelinids,Asparagales,Xeronema_callistemon,51387
AFLV,,,,,,,Monocots/Commelinids,Liliales,Xerophyllum_asphodeloides,117929
QOXT,,,,,,,Monocots/Commelinids,Pandanales,Xerophyta_villosa,1289423
XKPS,,,,,,,Eudicots,Santalales,Ximenia_americana,50174
YBML,,,,,,,Monocots/Commelinids,Asparagales,Yucca_brevifolia,101622
ICNN,,,,,,,Monocots/Commelinids,Asparagales,Yucca_filamentosa,55960
BERS,,,,,,,Eudicots,Caryophyllales,Zaleya_pentandra,323199
,,,,,,Zmays_RefGen_V4,Monocots/Commelinids,Poales,Zea_mays,
DPFW,,,,,,,Monocots/Commelinids,Asparagales,Zephyranthes_treatiae,1263248
BDJQ,,,,,,,Monocots/Commelinids,Zingiberales,Zingiber_officinale,94328
ZHEE,,,,,,,Core_eudicots/Rosids,Rosales,Ziziphus_jujuba,326968
,,,,,,Zmarina_v3.1,Monocots/Commelinids,Alismatales,Zostera_marina,
STKJ,,,,,,,Charophyta_algae,Desmidiales,Zygnema_sp,485946
MFZO,,,,,,,Charophyta_algae,Zygnematales,Zygnemopsis_sp,35868